Workbook

Sheet 泡泡国际IP一级分类统计-金额维度
A1: 销售业绩金额 | C1: POP国际 | H1: 亚太区域 | M1: 日本 | R1: 韩国 | W1: 印尼 | AB1: 新加坡 | AG1: 泰国 | AL1: 越南 | AQ1: 马来西亚 | AV1: 新西兰 | BA1: 澳大利亚 | BF1: 欧洲区域 | BK1: 意大利 | BP1: 法国 | BU1: 英国 | BZ1: 荷兰 | CE1: 西班牙
A2: IP | B2: 商业一级 | C2: 2025-01 | D2: 2025-02 | E2: 2025-03 | F2: 2025-04 | G2: 汇总 | H2: 2025-01 | I2: 2025-02 | J2: 2025-03 | K2: 2025-04 | L2: 汇总 | M2: 2025-01 | N2: 2025-02 | O2: 2025-03 | P2: 2025-04 | Q2: 汇总 | R2: 2025-01 | S2: 2025-02 | T2: 2025-03 | U2: 2025-04 | V2: 汇总 | W2: 2025-01 | X2: 2025-02 | Y2: 2025-03 | Z2: 2025-04 | AA2: 汇总 | AB2: 2025-01 | AC2: 2025-02 | AD2: 2025-03 | AE2: 2025-04 | AF2: 汇总 | AG2: 2025-01 | AH2: 2025-02 | AI2: 2025-03 | AJ2: 2025-04 | AK2: 汇总 | AL2: 2025-01 | AM2: 2025-02 | AN2: 2025-03 | AO2: 2025-04 | AP2: 汇总 | AQ2: 2025-01 | AR2: 2025-02 | AS2: 2025-03 | AT2: 2025-04 | AU2: 汇总 | AV2: 2025-01 | AW2: 2025-02 | AX2: 2025-03 | AY2: 2025-04 | AZ2: 汇总 | BA2: 2025-01 | BB2: 2025-02 | BC2: 2025-03 | BD2: 2025-04 | BE2: 汇总 | BF2: 2025-01 | BG2: 2025-02 | BH2: 2025-03 | BI2: 2025-04 | BJ2: 汇总 | BK2: 2025-01 | BL2: 2025-02 | BM2: 2025-03 | BN2: 2025-04 | BO2: 汇总 | BP2: 2025-01 | BQ2: 2025-02 | BR2: 2025-03 | BS2: 2025-04 | BT2: 汇总 | BU2: 2025-01 | BV2: 2025-02 | BW2: 2025-03 | BX2: 2025-04 | BY2: 汇总 | BZ2: 2025-01 | CA2: 2025-02 | CB2: 2025-03 | CC2: 2025-04 | CD2: 汇总 | CE2: 2025-01 | CF2: 2025-02 | CG2: 2025-03 | CH2: 2025-04 | CI2: 汇总
A3: LABUBU | B3: 潮流玩具 | C3: =H3+BF3 -> 9478303 | D3: =I3+BG3 -> 9306257 | E3: =J3+BH3 -> 18194811 | F3: =K3+BI3 -> 14516537 | G3: =L3+BJ3 -> 51495908 | H3: =M3+R3+W3+AB3+AG3+AL3+AQ3+AV3+BA3 -> 8491534 | I3: =N3+S3+X3+AC3+AH3+AM3+AR3+AW3+BB3 -> 8335758 | J3: =O3+T3+Y3+AD3+AI3+AN3+AS3+AX3+BC3 -> 16678229 | K3: =P3+U3+Z3+AE3+AJ3+AO3+AT3+AY3+BD3 -> 12936351 | L3: =Q3+V3+AA3+AF3+AK3+AP3+AU3+AZ3+BE3 -> 46441872 | M3: 1797817 | N3: 1761726 | O3: 1898495 | P3: 1940600 | Q3: 7398638 | R3: 899980 | S3: 727987 | T3: 2060878 | U3: 1727693 | V3: 5416538 | W3: 597249 | X3: 311139 | Y3: 1011851 | Z3: 919971 | AA3: 2840210 | AB3: 93500 | AC3: 608464 | AD3: 1535825 | AE3: 1980556 | AF3: 4218345 | AG3: 2455646 | AH3: 2563438 | AI3: 7326830 | AJ3: 3465125 | AK3: 15811039 | AL3: 199380 | AM3: 253983 | AN3: 239760 | AO3: 284458 | AP3: 977581 | AQ3: 1067830 | AR3: 935926 | AS3: 1437306 | AT3: 1199817 | AU3: 4640879 | AV3: 142573 | AW3: 125094 | AX3: 141896 | AY3: 124035 | AZ3: 533598 | BA3: 1237559 | BB3: 1048001 | BC3: 1025388 | BD3: 1294096 | BE3: 4605044 | BF3: =BK3+BP3+BU3+BZ3+CE3 -> 986769 | BG3: =BL3+BQ3+BV3+CA3+CF3 -> 970499 | BH3: =BM3+BR3+BW3+CB3+CG3 -> 1516582 | BI3: =BN3+BS3+BX3+CC3+CH3 -> 1580186 | BJ3: =BO3+BT3+BY3+CD3+CI3 -> 5054036 | BK3: 47967 | BL3: 49326 | BM3: 84565 | BN3: 70610 | BO3: 252468 | BP3: 562537 | BQ3: 499432 | BR3: 729499 | BS3: 669547 | BT3: 2461015 | BU3: 281719 | BV3: 350351 | BW3: 463981 | BX3: 664926 | BY3: 1760977 | BZ3: 60455 | CA3: 49698 | CB3: 181387 | CC3: 102232 | CD3: 393772 | CE3: 34091 | CF3: 21692 | CG3: 57150 | CH3: 72871 | CI3: 185804
B4: 潮流周边 | C4: =H4+BF4 -> 4794329 | D4: =I4+BG4 -> 4351959 | E4: =J4+BH4 -> 3959718 | F4: =K4+BI4 -> 3706022 | G4: =L4+BJ4 -> 16812028 | H4: =M4+R4+W4+AB4+AG4+AL4+AQ4+AV4+BA4 -> 4129619 | I4: =N4+S4+X4+AC4+AH4+AM4+AR4+AW4+BB4 -> 3885219 | J4: =O4+T4+Y4+AD4+AI4+AN4+AS4+AX4+BC4 -> 3366022 | K4: =P4+U4+Z4+AE4+AJ4+AO4+AT4+AY4+BD4 -> 2936465 | L4: =Q4+V4+AA4+AF4+AK4+AP4+AU4+AZ4+BE4 -> 14317325 | M4: 70739 | N4: 215877 | O4: 233057 | P4: 206888 | Q4: 726561 | R4: 77340 | S4: 137066 | T4: 90651 | U4: 153588 | V4: 458645 | W4: 722035 | X4: 255143 | Y4: 429135 | Z4: 155324 | AA4: 1561637 | AB4: 13981 | AC4: 276192 | AD4: 239716 | AE4: 83146 | AF4: 613035 | AG4: 2886639 | AH4: 2687781 | AI4: 1757918 | AJ4: 1978360 | AK4: 9310698 | AL4: 72829 | AM4: 59637 | AN4: 89950 | AO4: 41020 | AP4: 263436 | AQ4: 97306 | AR4: 138478 | AS4: 132616 | AT4: 111514 | AU4: 479914 | AV4: 15221 | AW4: 10648 | AX4: 46905 | AY4: 20098 | AZ4: 92872 | BA4: 173529 | BB4: 104397 | BC4: 346074 | BD4: 186527 | BE4: 810527 | BF4: =BK4+BP4+BU4+BZ4+CE4 -> 664710 | BG4: =BL4+BQ4+BV4+CA4+CF4 -> 466740 | BH4: =BM4+BR4+BW4+CB4+CG4 -> 593696 | BI4: =BN4+BS4+BX4+CC4+CH4 -> 769557 | BJ4: =BO4+BT4+BY4+CD4+CI4 -> 2494703 | BK4: 15550 | BL4: 19718 | BM4: 9053 | BN4: 10861 | BO4: 55182 | BP4: 473249 | BQ4: 324062 | BR4: 435697 | BS4: 580419 | BT4: 1813427 | BU4: 145878 | BV4: 89940 | BW4: 122879 | BX4: 163539 | BY4: 522236 | BZ4: 18181 | CA4: 14344 | CB4: 9531 | CC4: 11346 | CD4: 53402 | CE4: 11852 | CF4: 18676 | CG4: 16536 | CH4: 3392 | CI4: 50456
B5: 毛绒玩具 | C5: =H5+BF5 -> 65588169 | D5: =I5+BG5 -> 75958711 | E5: =J5+BH5 -> 86707200 | F5: =K5+BI5 -> 125625471 | G5: =L5+BJ5 -> 353879551 | H5: =M5+R5+W5+AB5+AG5+AL5+AQ5+AV5+BA5 -> 57242034 | I5: =N5+S5+X5+AC5+AH5+AM5+AR5+AW5+BB5 -> 66437798 | J5: =O5+T5+Y5+AD5+AI5+AN5+AS5+AX5+BC5 -> 71481038 | K5: =P5+U5+Z5+AE5+AJ5+AO5+AT5+AY5+BD5 -> 100297506 | L5: =Q5+V5+AA5+AF5+AK5+AP5+AU5+AZ5+BE5 -> 295458376 | M5: 8807748 | N5: 11931036 | O5: 12591448 | P5: 14940410 | Q5: 48270642 | R5: 7358076 | S5: 11633993 | T5: 12733767 | U5: 21752440 | V5: 53478276 | W5: 10030322 | X5: 8885306 | Y5: 9116203 | Z5: 9254383 | AA5: 37286214 | AB5: 480920 | AC5: 1303902 | AD5: 1986698 | AE5: 4052115 | AF5: 7823635 | AG5: 13862893 | AH5: 17027415 | AI5: 14002116 | AJ5: 28271758 | AK5: 73164182 | AL5: 3139019 | AM5: 2973564 | AN5: 5259535 | AO5: 4845129 | AP5: 16217247 | AQ5: 8703811 | AR5: 6762917 | AS5: 7086366 | AT5: 8594316 | AU5: 31147410 | AV5: 396571 | AW5: 763215 | AX5: 931503 | AY5: 1096976 | AZ5: 3188265 | BA5: 4462674 | BB5: 5156450 | BC5: 7773402 | BD5: 7489979 | BE5: 24882505 | BF5: =BK5+BP5+BU5+BZ5+CE5 -> 8346135 | BG5: =BL5+BQ5+BV5+CA5+CF5 -> 9520913 | BH5: =BM5+BR5+BW5+CB5+CG5 -> 15226162 | BI5: =BN5+BS5+BX5+CC5+CH5 -> 25327965 | BJ5: =BO5+BT5+BY5+CD5+CI5 -> 58421175 | BK5: 1230775 | BL5: 1560434 | BM5: 1677632 | BN5: 2374817 | BO5: 6843658 | BP5: 2362284 | BQ5: 1950459 | BR5: 3208479 | BS5: 6090525 | BT5: 13611747 | BU5: 2934187 | BV5: 4109336 | BW5: 7766206 | BX5: 13147872 | BY5: 27957601 | BZ5: 980638 | CA5: 1061057 | CB5: 1654684 | CC5: 2412042 | CD5: 6108421 | CE5: 838251 | CF5: 839627 | CG5: 919161 | CH5: 1302709 | CI5: 3899748
B6: 收藏玩具 | C6: =H6+BF6 -> 533818 | D6: =I6+BG6 -> 196456 | E6: =J6+BH6 -> 222058 | F6: =K6+BI6 -> 1673630 | G6: =L6+BJ6 -> 2625962 | H6: =M6+R6+W6+AB6+AG6+AL6+AQ6+AV6+BA6 -> 487739 | I6: =N6+S6+X6+AC6+AH6+AM6+AR6+AW6+BB6 -> 140292 | J6: =O6+T6+Y6+AD6+AI6+AN6+AS6+AX6+BC6 -> 124515 | K6: =P6+U6+Z6+AE6+AJ6+AO6+AT6+AY6+BD6 -> 1620560 | L6: =Q6+V6+AA6+AF6+AK6+AP6+AU6+AZ6+BE6 -> 2373106 | M6: 207344 | N6: 44166 | O6: 6495 | Q6: 258005 | R6: 24681 | S6: 11691 | T6: 20784 | U6: 222365 | V6: 279521 | W6: 50165 | X6: 22083 | Y6: 19485 | Z6: 35876 | AA6: 127609 | AG6: 96126 | AH6: 35073 | AI6: 10392 | AJ6: 1228900 | AK6: 1370491 | AL6: 33278 | AM6: 25980 | AN6: 24681 | AO6: 33278 | AP6: 117217 | AT6: 100141 | AU6: 100141 | AV6: 16391 | AX6: 17997 | AZ6: 34388 | BA6: 59754 | BB6: 1299 | BC6: 24681 | BE6: 85734 | BF6: =BK6+BP6+BU6+BZ6+CE6 -> 46079 | BG6: =BL6+BQ6+BV6+CA6+CF6 -> 56164 | BH6: =BM6+BR6+BW6+CB6+CG6 -> 97543 | BI6: =BN6+BS6+BX6+CC6+CH6 -> 53070 | BJ6: =BO6+BT6+BY6+CD6+CI6 -> 252856 | BK6: 12494 | BL6: 22886 | BM6: 17690 | BN6: 16391 | BO6: 69461 | BP6: 9093 | BQ6: 23382 | BR6: 31979 | BS6: 17690 | BT6: 82144 | BU6: 19296 | BV6: 9896 | BW6: 42678 | BX6: 11195 | BY6: 83065 | BZ6: 5196 | CB6: 5196 | CC6: 7794 | CD6: 18186
A7: LABUBU 汇总 | C7: =H7+BF7 -> 80394619 | D7: =I7+BG7 -> 89813383 | E7: =J7+BH7 -> 109083787 | F7: =K7+BI7 -> 145521660 | G7: =L7+BJ7 -> 424813449 | H7: =M7+R7+W7+AB7+AG7+AL7+AQ7+AV7+BA7 -> 70350926 | I7: =N7+S7+X7+AC7+AH7+AM7+AR7+AW7+BB7 -> 78799067 | J7: =O7+T7+Y7+AD7+AI7+AN7+AS7+AX7+BC7 -> 91649804 | K7: =P7+U7+Z7+AE7+AJ7+AO7+AT7+AY7+BD7 -> 117790882 | L7: =Q7+V7+AA7+AF7+AK7+AP7+AU7+AZ7+BE7 -> 358590679 | M7: 10883648 | N7: 13952805 | O7: 14729495 | P7: 17087898 | Q7: 56653846 | R7: 8360077 | S7: 12510737 | T7: 14906080 | U7: 23856086 | V7: 59632980 | W7: 11399771 | X7: 9473671 | Y7: 10576674 | Z7: 10365554 | AA7: 41815670 | AB7: 588401 | AC7: 2188558 | AD7: 3762239 | AE7: 6115817 | AF7: 12655015 | AG7: 19301304 | AH7: 22313707 | AI7: 23097256 | AJ7: 34944143 | AK7: 99656410 | AL7: 3444506 | AM7: 3313164 | AN7: 5613926 | AO7: 5203885 | AP7: 17575481 | AQ7: 9868947 | AR7: 7837321 | AS7: 8656288 | AT7: 10005788 | AU7: 36368344 | AV7: 570756 | AW7: 898957 | AX7: 1138301 | AY7: 1241109 | AZ7: 3849123 | BA7: 5933516 | BB7: 6310147 | BC7: 9169545 | BD7: 8970602 | BE7: 30383810 | BF7: =BK7+BP7+BU7+BZ7+CE7 -> 10043693 | BG7: =BL7+BQ7+BV7+CA7+CF7 -> 11014316 | BH7: =BM7+BR7+BW7+CB7+CG7 -> 17433983 | BI7: =BN7+BS7+BX7+CC7+CH7 -> 27730778 | BJ7: =BO7+BT7+BY7+CD7+CI7 -> 66222770 | BK7: 1306786 | BL7: 1652364 | BM7: 1788940 | BN7: 2472679 | BO7: 7220769 | BP7: 3407163 | BQ7: 2797335 | BR7: 4405654 | BS7: 7358181 | BT7: 17968333 | BU7: 3381080 | BV7: 4559523 | BW7: 8395744 | BX7: 13987532 | BY7: 30323879 | BZ7: 1064470 | CA7: 1125099 | CB7: 1850798 | CC7: 2533414 | CD7: 6573781 | CE7: 884194 | CF7: 879995 | CG7: 992847 | CH7: 1378972 | CI7: 4136008
A8: CRYBABY | B8: 潮流玩具 | C8: =H8+BF8 -> 12456868 | D8: =I8+BG8 -> 13406779 | E8: =J8+BH8 -> 12790002 | F8: =K8+BI8 -> 8740642 | G8: =L8+BJ8 -> 47394291 | H8: =M8+R8+W8+AB8+AG8+AL8+AQ8+AV8+BA8 -> 12176566 | I8: =N8+S8+X8+AC8+AH8+AM8+AR8+AW8+BB8 -> 12965277 | J8: =O8+T8+Y8+AD8+AI8+AN8+AS8+AX8+BC8 -> 12351052 | K8: =P8+U8+Z8+AE8+AJ8+AO8+AT8+AY8+BD8 -> 8121817 | L8: =Q8+V8+AA8+AF8+AK8+AP8+AU8+AZ8+BE8 -> 45614712 | M8: 1021784 | N8: 1415029 | O8: 1482794 | P8: 1052481 | Q8: 4972088 | R8: 514944 | S8: 659432 | T8: 862424 | U8: 611314 | V8: 2648114 | W8: 940300 | X8: 1032934 | Y8: 1490459 | Z8: 817395 | AA8: 4281088 | AB8: 184491 | AC8: 1192678 | AD8: 2516669 | AE8: 1497621 | AF8: 5391459 | AG8: 7323196 | AH8: 5904047 | AI8: 2661429 | AJ8: 1901782 | AK8: 17790454 | AL8: 183936 | AM8: 420953 | AN8: 661836 | AO8: 328278 | AP8: 1595003 | AQ8: 1178832 | AR8: 1117729 | AS8: 1467442 | AT8: 1072818 | AU8: 4836821 | AV8: 63167 | AW8: 88308 | AX8: 88664 | AY8: 72793 | AZ8: 312932 | BA8: 765916 | BB8: 1134167 | BC8: 1119335 | BD8: 767335 | BE8: 3786753 | BF8: =BK8+BP8+BU8+BZ8+CE8 -> 280302 | BG8: =BL8+BQ8+BV8+CA8+CF8 -> 441502 | BH8: =BM8+BR8+BW8+CB8+CG8 -> 438950 | BI8: =BN8+BS8+BX8+CC8+CH8 -> 618825 | BJ8: =BO8+BT8+BY8+CD8+CI8 -> 1779579 | BK8: 23334 | BL8: 28226 | BM8: 34277 | BN8: 29922 | BO8: 115759 | BP8: 57777 | BQ8: 139305 | BR8: 111727 | BS8: 101954 | BT8: 410763 | BU8: 149344 | BV8: 186042 | BW8: 237181 | BX8: 417081 | BY8: 989648 | BZ8: 25599 | CA8: 45980 | CB8: 46174 | CC8: 45304 | CD8: 163057 | CE8: 24248 | CF8: 41949 | CG8: 9591 | CH8: 24564 | CI8: 100352
B9: 潮流周边 | C9: =H9+BF9 -> 7448834 | D9: =I9+BG9 -> 7482109 | E9: =J9+BH9 -> 5426848 | F9: =K9+BI9 -> 3848187 | G9: =L9+BJ9 -> 24205978 | H9: =M9+R9+W9+AB9+AG9+AL9+AQ9+AV9+BA9 -> 7325346 | I9: =N9+S9+X9+AC9+AH9+AM9+AR9+AW9+BB9 -> 7300112 | J9: =O9+T9+Y9+AD9+AI9+AN9+AS9+AX9+BC9 -> 5198240 | K9: =P9+U9+Z9+AE9+AJ9+AO9+AT9+AY9+BD9 -> 3594201 | L9: =Q9+V9+AA9+AF9+AK9+AP9+AU9+AZ9+BE9 -> 23417899 | M9: 333540 | N9: 565172 | O9: 437818 | P9: 364217 | Q9: 1700747 | R9: 279667 | S9: 463304 | T9: 499103 | U9: 377200 | V9: 1619274 | W9: 1802522 | X9: 957915 | Y9: 1029172 | Z9: 508296 | AA9: 4297905 | AB9: 10983 | AC9: 580438 | AD9: 482058 | AE9: 74037 | AF9: 1147516 | AG9: 4478015 | AH9: 3745846 | AI9: 2244195 | AJ9: 1897795 | AK9: 12365851 | AL9: 102417 | AM9: 204882 | AN9: 72866 | AO9: 45689 | AP9: 425854 | AQ9: 181670 | AR9: 363989 | AS9: 232101 | AT9: 193664 | AU9: 971424 | AV9: 16568 | AW9: 53125 | AX9: 26983 | AY9: 14604 | AZ9: 111280 | BA9: 119964 | BB9: 365441 | BC9: 173944 | BD9: 118699 | BE9: 778048 | BF9: =BK9+BP9+BU9+BZ9+CE9 -> 123488 | BG9: =BL9+BQ9+BV9+CA9+CF9 -> 181997 | BH9: =BM9+BR9+BW9+CB9+CG9 -> 228608 | BI9: =BN9+BS9+BX9+CC9+CH9 -> 253986 | BJ9: =BO9+BT9+BY9+CD9+CI9 -> 788079 | BK9: 14376 | BL9: 15014 | BM9: 11422 | BN9: 7846 | BO9: 48658 | BP9: 28443 | BQ9: 87590 | BR9: 71758 | BS9: 43289 | BT9: 231080 | BU9: 66703 | BV9: 47429 | BW9: 125600 | BX9: 184631 | BY9: 424363 | BZ9: 8116 | CA9: 26768 | CB9: 18163 | CC9: 13126 | CD9: 66173 | CE9: 5850 | CF9: 5196 | CG9: 1665 | CH9: 5094 | CI9: 17805
B10: 毛绒玩具 | C10: =H10+BF10 -> 27192110 | D10: =I10+BG10 -> 24657149 | E10: =J10+BH10 -> 23042853 | F10: =K10+BI10 -> 15280514 | G10: =L10+BJ10 -> 90172626 | H10: =M10+R10+W10+AB10+AG10+AL10+AQ10+AV10+BA10 -> 26107647 | I10: =N10+S10+X10+AC10+AH10+AM10+AR10+AW10+BB10 -> 23374265 | J10: =O10+T10+Y10+AD10+AI10+AN10+AS10+AX10+BC10 -> 21089368 | K10: =P10+U10+Z10+AE10+AJ10+AO10+AT10+AY10+BD10 -> 12952555 | L10: =Q10+V10+AA10+AF10+AK10+AP10+AU10+AZ10+BE10 -> 83523835 | M10: 2066507 | N10: 2691648 | O10: 1449691 | P10: 1018281 | Q10: 7226127 | R10: 2485652 | S10: 3195312 | T10: 4116077 | U10: 2315627 | V10: 12112668 | W10: 3556762 | X10: 3750708 | Y10: 3533800 | Z10: 2525494 | AA10: 13366764 | AB10: 23140 | AC10: 487246 | AD10: 1359094 | AE10: 394985 | AF10: 2264465 | AG10: 14224650 | AH10: 7966390 | AI10: 4583950 | AJ10: 3637087 | AK10: 30412077 | AL10: 1176145 | AM10: 1517257 | AN10: 1185004 | AO10: 821906 | AP10: 4700312 | AQ10: 1625969 | AR10: 1808115 | AS10: 3354392 | AT10: 1710770 | AU10: 8499246 | AV10: 93999 | AW10: 96038 | AX10: 106146 | AY10: 96960 | AZ10: 393143 | BA10: 854823 | BB10: 1861551 | BC10: 1401214 | BD10: 431445 | BE10: 4549033 | BF10: =BK10+BP10+BU10+BZ10+CE10 -> 1084463 | BG10: =BL10+BQ10+BV10+CA10+CF10 -> 1282884 | BH10: =BM10+BR10+BW10+CB10+CG10 -> 1953485 | BI10: =BN10+BS10+BX10+CC10+CH10 -> 2327959 | BJ10: =BO10+BT10+BY10+CD10+CI10 -> 6648791 | BK10: 82917 | BL10: 158067 | BM10: 336477 | BN10: 247003 | BO10: 824464 | BP10: 197747 | BQ10: 246796 | BR10: 340144 | BS10: 269549 | BT10: 1054236 | BU10: 608867 | BV10: 623365 | BW10: 1001513 | BX10: 1505469 | BY10: 3739214 | BZ10: 105088 | CA10: 145479 | CB10: 174254 | CC10: 179610 | CD10: 604431 | CE10: 89844 | CF10: 109177 | CG10: 101097 | CH10: 126328 | CI10: 426446
B11: 收藏玩具 | C11: =H11+BF11 -> 1797301 | D11: =I11+BG11 -> 1331112 | E11: =J11+BH11 -> 791472 | F11: =K11+BI11 -> 535143 | G11: =L11+BJ11 -> 4455028 | H11: =M11+R11+W11+AB11+AG11+AL11+AQ11+AV11+BA11 -> 1783810 | I11: =N11+S11+X11+AC11+AH11+AM11+AR11+AW11+BB11 -> 1302631 | J11: =O11+T11+Y11+AD11+AI11+AN11+AS11+AX11+BC11 -> 779480 | K11: =P11+U11+Z11+AE11+AJ11+AO11+AT11+AY11+BD11 -> 505163 | L11: =Q11+V11+AA11+AF11+AK11+AP11+AU11+AZ11+BE11 -> 4371084 | M11: 133411 | N11: 79447 | O11: 88441 | P11: 73451 | Q11: 374750 | R11: 52465 | S11: 44970 | T11: 82445 | U11: 46469 | V11: 226349 | W11: 262325 | X11: 38974 | Y11: 29980 | Z11: 41972 | AA11: 373251 | AB11: 56962 | AC11: 113924 | AD11: 41972 | AE11: 2998 | AF11: 215856 | AG11: 920386 | AH11: 783977 | AI11: 214357 | AJ11: 196369 | AK11: 2115089 | AL11: 92938 | AM11: 53964 | AN11: 166389 | AO11: 29980 | AP11: 343271 | AQ11: 61459 | AR11: 145403 | AS11: 98934 | AT11: 70453 | AU11: 376249 | AV11: 14990 | AW11: 1499 | AX11: 7495 | AY11: 5996 | AZ11: 29980 | BA11: 188874 | BB11: 40473 | BC11: 49467 | BD11: 37475 | BE11: 316289 | BF11: =BK11+BP11+BU11+BZ11+CE11 -> 13491 | BG11: =BL11+BQ11+BV11+CA11+CF11 -> 28481 | BH11: =BM11+BR11+BW11+CB11+CG11 -> 11992 | BI11: =BN11+BS11+BX11+CC11+CH11 -> 29980 | BJ11: =BO11+BT11+BY11+CD11+CI11 -> 83944 | BN11: 4497 | BO11: 4497 | BQ11: 8994 | BR11: 4497 | BS11: 1499 | BT11: 14990 | BU11: 7495 | BV11: 14990 | BW11: 5996 | BX11: 22485 | BY11: 50966 | CC11: 1499 | CD11: 1499 | CE11: 5996 | CF11: 4497 | CG11: 1499 | CI11: 11992
A12: CRYBABY 汇总 | C12: =H12+BF12 -> 48895113 | D12: =I12+BG12 -> 46877149 | E12: =J12+BH12 -> 42051175 | F12: =K12+BI12 -> 28404486 | G12: =L12+BJ12 -> 166227923 | H12: =M12+R12+W12+AB12+AG12+AL12+AQ12+AV12+BA12 -> 47393369 | I12: =N12+S12+X12+AC12+AH12+AM12+AR12+AW12+BB12 -> 44942285 | J12: =O12+T12+Y12+AD12+AI12+AN12+AS12+AX12+BC12 -> 39418140 | K12: =P12+U12+Z12+AE12+AJ12+AO12+AT12+AY12+BD12 -> 25173736 | L12: =Q12+V12+AA12+AF12+AK12+AP12+AU12+AZ12+BE12 -> 156927530 | M12: 3555242 | N12: 4751296 | O12: 3458744 | P12: 2508430 | Q12: 14273712 | R12: 3332728 | S12: 4363018 | T12: 5560049 | U12: 3350610 | V12: 16606405 | W12: 6561909 | X12: 5780531 | Y12: 6083411 | Z12: 3893157 | AA12: 22319008 | AB12: 275576 | AC12: 2374286 | AD12: 4399793 | AE12: 1969641 | AF12: 9019296 | AG12: 26946247 | AH12: 18400260 | AI12: 9703931 | AJ12: 7633033 | AK12: 62683471 | AL12: 1555436 | AM12: 2197056 | AN12: 2086095 | AO12: 1225853 | AP12: 7064440 | AQ12: 3047930 | AR12: 3435236 | AS12: 5152869 | AT12: 3047705 | AU12: 14683740 | AV12: 188724 | AW12: 238970 | AX12: 229288 | AY12: 190353 | AZ12: 847335 | BA12: 1929577 | BB12: 3401632 | BC12: 2743960 | BD12: 1354954 | BE12: 9430123 | BF12: =BK12+BP12+BU12+BZ12+CE12 -> 1501744 | BG12: =BL12+BQ12+BV12+CA12+CF12 -> 1934864 | BH12: =BM12+BR12+BW12+CB12+CG12 -> 2633035 | BI12: =BN12+BS12+BX12+CC12+CH12 -> 3230750 | BJ12: =BO12+BT12+BY12+CD12+CI12 -> 9300393 | BK12: 120627 | BL12: 201307 | BM12: 382176 | BN12: 289268 | BO12: 993378 | BP12: 283967 | BQ12: 482685 | BR12: 528126 | BS12: 416291 | BT12: 1711069 | BU12: 832409 | BV12: 871826 | BW12: 1370290 | BX12: 2129666 | BY12: 5204191 | BZ12: 138803 | CA12: 218227 | CB12: 238591 | CC12: 239539 | CD12: 835160 | CE12: 125938 | CF12: 160819 | CG12: 113852 | CH12: 155986 | CI12: 556595
A13: MOLLY | B13: 潮流玩具 | C13: =H13+BF13 -> 5890275 | D13: =I13+BG13 -> 3996062 | E13: =J13+BH13 -> 2948047 | F13: =K13+BI13 -> 2583000 | G13: =L13+BJ13 -> 15417384 | H13: =M13+R13+W13+AB13+AG13+AL13+AQ13+AV13+BA13 -> 5730128 | I13: =N13+S13+X13+AC13+AH13+AM13+AR13+AW13+BB13 -> 3829552 | J13: =O13+T13+Y13+AD13+AI13+AN13+AS13+AX13+BC13 -> 2754653 | K13: =P13+U13+Z13+AE13+AJ13+AO13+AT13+AY13+BD13 -> 2398938 | L13: =Q13+V13+AA13+AF13+AK13+AP13+AU13+AZ13+BE13 -> 14713271 | M13: 465388 | N13: 671173 | O13: 322495 | P13: 273351 | Q13: 1732407 | R13: 346871 | S13: 273551 | T13: 255426 | U13: 187239 | V13: 1063087 | W13: 355701 | X13: 409882 | Y13: 272413 | Z13: 174594 | AA13: 1212590 | AB13: 282085 | AC13: 511564 | AD13: 233205 | AE13: 205895 | AF13: 1232749 | AG13: 3507869 | AH13: 1226201 | AI13: 868324 | AJ13: 949413 | AK13: 6551807 | AL13: 60465 | AM13: 87678 | AN13: 84860 | AO13: 87036 | AP13: 320039 | AQ13: 376272 | AR13: 364055 | AS13: 263090 | AT13: 194460 | AU13: 1197877 | AV13: 46907 | AW13: 24431 | AX13: 52842 | AY13: 31617 | AZ13: 155797 | BA13: 288570 | BB13: 261017 | BC13: 401998 | BD13: 295333 | BE13: 1246918 | BF13: =BK13+BP13+BU13+BZ13+CE13 -> 160147 | BG13: =BL13+BQ13+BV13+CA13+CF13 -> 166510 | BH13: =BM13+BR13+BW13+CB13+CG13 -> 193394 | BI13: =BN13+BS13+BX13+CC13+CH13 -> 184062 | BJ13: =BO13+BT13+BY13+CD13+CI13 -> 704113 | BK13: 3082 | BL13: 17066 | BM13: 10741 | BN13: 4921 | BO13: 35810 | BP13: 41419 | BQ13: 37656 | BR13: 30129 | BS13: 32717 | BT13: 141921 | BU13: 90430 | BV13: 74475 | BW13: 134997 | BX13: 117024 | BY13: 416926 | BZ13: 8273 | CA13: 9507 | CB13: 6689 | CC13: 7939 | CD13: 32408 | CE13: 16943 | CF13: 27806 | CG13: 10838 | CH13: 21461 | CI13: 77048
B14: 潮流周边 | C14: =H14+BF14 -> 1825922 | D14: =I14+BG14 -> 1630459 | E14: =J14+BH14 -> 1605663 | F14: =K14+BI14 -> 963153 | G14: =L14+BJ14 -> 6025197 | H14: =M14+R14+W14+AB14+AG14+AL14+AQ14+AV14+BA14 -> 1806750 | I14: =N14+S14+X14+AC14+AH14+AM14+AR14+AW14+BB14 -> 1606920 | J14: =O14+T14+Y14+AD14+AI14+AN14+AS14+AX14+BC14 -> 1528625 | K14: =P14+U14+Z14+AE14+AJ14+AO14+AT14+AY14+BD14 -> 870810 | L14: =Q14+V14+AA14+AF14+AK14+AP14+AU14+AZ14+BE14 -> 5813105 | M14: 106890 | N14: 132307 | O14: 87466 | P14: 61489 | Q14: 388152 | R14: 30679 | S14: 25395 | T14: 13720 | U14: 12969 | V14: 82763 | W14: 265032 | X14: 238562 | Y14: 180926 | Z14: 97592 | AA14: 782112 | AB14: 112500 | AC14: 107578 | AD14: 50035 | AE14: 15676 | AF14: 285789 | AG14: 1104420 | AH14: 815777 | AI14: 1007503 | AJ14: 601006 | AK14: 3528706 | AL14: 61757 | AM14: 105523 | AN14: 43130 | AO14: 27648 | AP14: 238058 | AQ14: 109947 | AR14: 42918 | AS14: 85990 | AT14: 29218 | AU14: 268073 | AV14: 2913 | AW14: 15494 | AX14: 7120 | AY14: 5127 | AZ14: 30654 | BA14: 12612 | BB14: 123366 | BC14: 52735 | BD14: 20085 | BE14: 208798 | BF14: =BK14+BP14+BU14+BZ14+CE14 -> 19172 | BG14: =BL14+BQ14+BV14+CA14+CF14 -> 23539 | BH14: =BM14+BR14+BW14+CB14+CG14 -> 77038 | BI14: =BN14+BS14+BX14+CC14+CH14 -> 92343 | BJ14: =BO14+BT14+BY14+CD14+CI14 -> 212092 | BK14: 188 | BL14: 395 | BM14: 913 | BN14: 5220 | BO14: 6716 | BP14: 7253 | BQ14: 6359 | BR14: 7242 | BS14: 47690 | BT14: 68544 | BU14: 8443 | BV14: 11405 | BW14: 66263 | BX14: 36672 | BY14: 122783 | BZ14: 640 | CA14: 2030 | CB14: 1478 | CC14: 1261 | CD14: 5409 | CE14: 2648 | CF14: 3350 | CG14: 1142 | CH14: 1500 | CI14: 8640
B15: 毛绒玩具 | C15: =H15+BF15 -> 2397723 | D15: =I15+BG15 -> 1435899 | E15: =J15+BH15 -> 1270650 | F15: =K15+BI15 -> 921447 | G15: =L15+BJ15 -> 6025719 | H15: =M15+R15+W15+AB15+AG15+AL15+AQ15+AV15+BA15 -> 2367924 | I15: =N15+S15+X15+AC15+AH15+AM15+AR15+AW15+BB15 -> 1281744 | J15: =O15+T15+Y15+AD15+AI15+AN15+AS15+AX15+BC15 -> 1211052 | K15: =P15+U15+Z15+AE15+AJ15+AO15+AT15+AY15+BD15 -> 849078 | L15: =Q15+V15+AA15+AF15+AK15+AP15+AU15+AZ15+BE15 -> 5709798 | M15: 341463 | N15: 210915 | O15: 197886 | P15: 196854 | Q15: 947118 | R15: 115971 | S15: 90816 | T15: 95718 | U15: 11481 | V15: 313986 | W15: 174924 | X15: 56115 | Y15: 228846 | Z15: 147705 | AA15: 607590 | AB15: 23220 | AC15: 17028 | AD15: 181890 | AE15: 151962 | AF15: 374100 | AG15: 1312188 | AH15: 431376 | AI15: 336690 | AJ15: 195951 | AK15: 2276205 | AL15: 60243 | AM15: 25284 | AN15: 28896 | AO15: 23736 | AP15: 138159 | AQ15: 201111 | AR15: 124614 | AS15: 112101 | AT15: 95202 | AU15: 533028 | AV15: 9675 | AW15: 34830 | AX15: 20382 | AY15: 16512 | AZ15: 81399 | BA15: 129129 | BB15: 290766 | BC15: 8643 | BD15: 9675 | BE15: 438213 | BF15: =BK15+BP15+BU15+BZ15+CE15 -> 29799 | BG15: =BL15+BQ15+BV15+CA15+CF15 -> 154155 | BH15: =BM15+BR15+BW15+CB15+CG15 -> 59598 | BI15: =BN15+BS15+BX15+CC15+CH15 -> 72369 | BJ15: =BO15+BT15+BY15+CD15+CI15 -> 315921 | BK15: 29799 | BL15: 18060 | BN15: 10707 | BO15: 58566 | BQ15: 49020 | BR15: 12513 | BT15: 61533 | BV15: 58695 | BW15: 29799 | BX15: 61662 | BY15: 150156 | CA15: 28380 | CB15: 17286 | CD15: 45666
B16: 收藏玩具 | C16: =H16+BF16 -> 23495521 | D16: =I16+BG16 -> 23322120 | E16: =J16+BH16 -> 21513586 | F16: =K16+BI16 -> 24963668 | G16: =L16+BJ16 -> 93294895 | H16: =M16+R16+W16+AB16+AG16+AL16+AQ16+AV16+BA16 -> 22587744 | I16: =N16+S16+X16+AC16+AH16+AM16+AR16+AW16+BB16 -> 22665089 | J16: =O16+T16+Y16+AD16+AI16+AN16+AS16+AX16+BC16 -> 20678926 | K16: =P16+U16+Z16+AE16+AJ16+AO16+AT16+AY16+BD16 -> 24227188 | L16: =Q16+V16+AA16+AF16+AK16+AP16+AU16+AZ16+BE16 -> 90158947 | M16: 3831512 | N16: 3325894 | O16: 3930917 | P16: 2019344 | Q16: 13107667 | R16: 1254804 | S16: 1653558 | T16: 1793823 | U16: 1538167 | V16: 6240352 | W16: 2777546 | X16: 2013738 | Y16: 1882473 | Z16: 2070002 | AA16: 8743759 | AB16: 700986 | AC16: 2154394 | AD16: 1093887 | AE16: 1939199 | AF16: 5888466 | AG16: 9009403 | AH16: 8941145 | AI16: 7669207 | AJ16: 13225843 | AK16: 38845598 | AL16: 593887 | AM16: 839957 | AN16: 818105 | AO16: 615755 | AP16: 2867704 | AQ16: 1251387 | AR16: 1775766 | AS16: 1490763 | AT16: 1810098 | AU16: 6328014 | AV16: 253875 | AW16: 217506 | AX16: 249537 | AY16: 117102 | AZ16: 838020 | BA16: 2914344 | BB16: 1743131 | BC16: 1750214 | BD16: 891678 | BE16: 7299367 | BF16: =BK16+BP16+BU16+BZ16+CE16 -> 907777 | BG16: =BL16+BQ16+BV16+CA16+CF16 -> 657031 | BH16: =BM16+BR16+BW16+CB16+CG16 -> 834660 | BI16: =BN16+BS16+BX16+CC16+CH16 -> 736480 | BJ16: =BO16+BT16+BY16+CD16+CI16 -> 3135948 | BK16: 53091 | BL16: 60662 | BM16: 105751 | BN16: 110109 | BO16: 329613 | BP16: 187737 | BQ16: 140350 | BR16: 107452 | BS16: 101310 | BT16: 536849 | BU16: 467704 | BV16: 286265 | BW16: 486708 | BX16: 421695 | BY16: 1662372 | BZ16: 130417 | CA16: 118553 | CB16: 120560 | CC16: 81282 | CD16: 450812 | CE16: 68828 | CF16: 51201 | CG16: 14189 | CH16: 22084 | CI16: 156302
A17: MOLLY 汇总 | C17: =H17+BF17 -> 33609441 | D17: =I17+BG17 -> 30384540 | E17: =J17+BH17 -> 27337946 | F17: =K17+BI17 -> 29431268 | G17: =L17+BJ17 -> 120763195 | H17: =M17+R17+W17+AB17+AG17+AL17+AQ17+AV17+BA17 -> 32492546 | I17: =N17+S17+X17+AC17+AH17+AM17+AR17+AW17+BB17 -> 29383305 | J17: =O17+T17+Y17+AD17+AI17+AN17+AS17+AX17+BC17 -> 26173256 | K17: =P17+U17+Z17+AE17+AJ17+AO17+AT17+AY17+BD17 -> 28346014 | L17: =Q17+V17+AA17+AF17+AK17+AP17+AU17+AZ17+BE17 -> 116395121 | M17: 4745253 | N17: 4340289 | O17: 4538764 | P17: 2551038 | Q17: 16175344 | R17: 1748325 | S17: 2043320 | T17: 2158687 | U17: 1749856 | V17: 7700188 | W17: 3573203 | X17: 2718297 | Y17: 2564658 | Z17: 2489893 | AA17: 11346051 | AB17: 1118791 | AC17: 2790564 | AD17: 1559017 | AE17: 2312732 | AF17: 7781104 | AG17: 14933880 | AH17: 11414499 | AI17: 9881724 | AJ17: 14972213 | AK17: 51202316 | AL17: 776352 | AM17: 1058442 | AN17: 974991 | AO17: 754175 | AP17: 3563960 | AQ17: 1938717 | AR17: 2307353 | AS17: 1951944 | AT17: 2128978 | AU17: 8326992 | AV17: 313370 | AW17: 292261 | AX17: 329881 | AY17: 170358 | AZ17: 1105870 | BA17: 3344655 | BB17: 2418280 | BC17: 2213590 | BD17: 1216771 | BE17: 9193296 | BF17: =BK17+BP17+BU17+BZ17+CE17 -> 1116895 | BG17: =BL17+BQ17+BV17+CA17+CF17 -> 1001235 | BH17: =BM17+BR17+BW17+CB17+CG17 -> 1164690 | BI17: =BN17+BS17+BX17+CC17+CH17 -> 1085254 | BJ17: =BO17+BT17+BY17+CD17+CI17 -> 4368074 | BK17: 86160 | BL17: 96183 | BM17: 117405 | BN17: 130957 | BO17: 430705 | BP17: 236409 | BQ17: 233385 | BR17: 157336 | BS17: 181717 | BT17: 808847 | BU17: 566577 | BV17: 430840 | BW17: 717767 | BX17: 637053 | BY17: 2352237 | BZ17: 139330 | CA17: 158470 | CB17: 146013 | CC17: 90482 | CD17: 534295 | CE17: 88419 | CF17: 82357 | CG17: 26169 | CH17: 45045 | CI17: 241990
A18: DIMOO | B18: 潮流玩具 | C18: =H18+BF18 -> 6505702 | D18: =I18+BG18 -> 4868835 | E18: =J18+BH18 -> 11551876 | F18: =K18+BI18 -> 9873962 | G18: =L18+BJ18 -> 32800375 | H18: =M18+R18+W18+AB18+AG18+AL18+AQ18+AV18+BA18 -> 6000659 | I18: =N18+S18+X18+AC18+AH18+AM18+AR18+AW18+BB18 -> 4449669 | J18: =O18+T18+Y18+AD18+AI18+AN18+AS18+AX18+BC18 -> 10799750 | K18: =P18+U18+Z18+AE18+AJ18+AO18+AT18+AY18+BD18 -> 9088218 | L18: =Q18+V18+AA18+AF18+AK18+AP18+AU18+AZ18+BE18 -> 30338296 | M18: 764119 | N18: 604233 | O18: 1112858 | P18: 1108510 | Q18: 3589720 | R18: 391801 | S18: 341518 | T18: 878718 | U18: 886440 | V18: 2498477 | W18: 469707 | X18: 269723 | Y18: 919912 | Z18: 571767 | AA18: 2231109 | AB18: 234135 | AC18: 519452 | AD18: 2099685 | AE18: 1175639 | AF18: 4028911 | AG18: 1806360 | AH18: 1017348 | AI18: 3293977 | AJ18: 2703454 | AK18: 8821139 | AL18: 205875 | AM18: 208919 | AN18: 349254 | AO18: 300774 | AP18: 1064822 | AQ18: 1037424 | AR18: 721594 | AS18: 1424055 | AT18: 1192144 | AU18: 4375217 | AV18: 143142 | AW18: 60497 | AX18: 64404 | AY18: 119538 | AZ18: 387581 | BA18: 948096 | BB18: 706385 | BC18: 656887 | BD18: 1029952 | BE18: 3341320 | BF18: =BK18+BP18+BU18+BZ18+CE18 -> 505043 | BG18: =BL18+BQ18+BV18+CA18+CF18 -> 419166 | BH18: =BM18+BR18+BW18+CB18+CG18 -> 752126 | BI18: =BN18+BS18+BX18+CC18+CH18 -> 785744 | BJ18: =BO18+BT18+BY18+CD18+CI18 -> 2462079 | BK18: 28825 | BL18: 27051 | BM18: 59803 | BN18: 51358 | BO18: 167037 | BP18: 253754 | BQ18: 226886 | BR18: 240519 | BS18: 301209 | BT18: 1022368 | BU18: 140867 | BV18: 121617 | BW18: 362352 | BX18: 344905 | BY18: 969741 | BZ18: 41773 | CA18: 21781 | CB18: 53750 | CC18: 55083 | CD18: 172387 | CE18: 39824 | CF18: 21831 | CG18: 35702 | CH18: 33189 | CI18: 130546
B19: 潮流周边 | C19: =H19+BF19 -> 2467337 | D19: =I19+BG19 -> 1667976 | E19: =J19+BH19 -> 4614976 | F19: =K19+BI19 -> 4214571 | G19: =L19+BJ19 -> 12964860 | H19: =M19+R19+W19+AB19+AG19+AL19+AQ19+AV19+BA19 -> 2331991 | I19: =N19+S19+X19+AC19+AH19+AM19+AR19+AW19+BB19 -> 1496750 | J19: =O19+T19+Y19+AD19+AI19+AN19+AS19+AX19+BC19 -> 4478426 | K19: =P19+U19+Z19+AE19+AJ19+AO19+AT19+AY19+BD19 -> 4082611 | L19: =Q19+V19+AA19+AF19+AK19+AP19+AU19+AZ19+BE19 -> 12389778 | M19: 187175 | N19: 113587 | O19: 309596 | P19: 436438 | Q19: 1046796 | R19: 73318 | S19: 40348 | T19: 246462 | U19: 202170 | V19: 562298 | W19: 381338 | X19: 141488 | Y19: 333485 | Z19: 637914 | AA19: 1494225 | AB19: 183994 | AC19: 60221 | AD19: 615340 | AE19: 452294 | AF19: 1311849 | AG19: 1001554 | AH19: 758781 | AI19: 2473501 | AJ19: 1628656 | AK19: 5862492 | AL19: 46995 | AM19: 28610 | AN19: 60879 | AO19: 62194 | AP19: 198678 | AQ19: 123618 | AR19: 153777 | AS19: 234160 | AT19: 257562 | AU19: 769117 | AV19: 35355 | AW19: 20614 | AX19: 10147 | AY19: 32766 | AZ19: 98882 | BA19: 298644 | BB19: 179324 | BC19: 194856 | BD19: 372617 | BE19: 1045441 | BF19: =BK19+BP19+BU19+BZ19+CE19 -> 135346 | BG19: =BL19+BQ19+BV19+CA19+CF19 -> 171226 | BH19: =BM19+BR19+BW19+CB19+CG19 -> 136550 | BI19: =BN19+BS19+BX19+CC19+CH19 -> 131960 | BJ19: =BO19+BT19+BY19+CD19+CI19 -> 575082 | BK19: 4685 | BL19: 9901 | BM19: 19427 | BN19: 13959 | BO19: 47972 | BP19: 49495 | BQ19: 61922 | BR19: 37519 | BS19: 35339 | BT19: 184275 | BU19: 74766 | BV19: 87735 | BW19: 63326 | BX19: 63025 | BY19: 288852 | BZ19: 4810 | CA19: 7534 | CB19: 14292 | CC19: 19320 | CD19: 45956 | CE19: 1590 | CF19: 4134 | CG19: 1986 | CH19: 317 | CI19: 8027
B20: 毛绒玩具 | C20: =H20+BF20 -> 739703 | D20: =I20+BG20 -> 547602 | E20: =J20+BH20 -> 13430079 | F20: =K20+BI20 -> 17046884 | G20: =L20+BJ20 -> 31764268 | H20: =M20+R20+W20+AB20+AG20+AL20+AQ20+AV20+BA20 -> 709416 | I20: =N20+S20+X20+AC20+AH20+AM20+AR20+AW20+BB20 -> 522119 | J20: =O20+T20+Y20+AD20+AI20+AN20+AS20+AX20+BC20 -> 13107127 | K20: =P20+U20+Z20+AE20+AJ20+AO20+AT20+AY20+BD20 -> 16681734 | L20: =Q20+V20+AA20+AF20+AK20+AP20+AU20+AZ20+BE20 -> 31020396 | M20: 91013 | N20: 30005 | O20: 281887 | P20: 1296854 | Q20: 1699759 | R20: 30242 | S20: 31921 | T20: 1165636 | U20: 1045948 | V20: 2273747 | W20: 92360 | X20: 58679 | Y20: 200928 | Z20: 2105889 | AA20: 2457856 | AB20: 23979 | AC20: 31694 | AD20: 416422 | AE20: 1247069 | AF20: 1719164 | AG20: 277481 | AH20: 251165 | AI20: 9969509 | AJ20: 7487701 | AK20: 17985856 | AL20: 18057 | AM20: 11932 | AN20: 253875 | AO20: 220549 | AP20: 504413 | AQ20: 27141 | AR20: 3895 | AS20: 722688 | AT20: 1785310 | AU20: 2539034 | AV20: 11492 | AW20: 8659 | AX20: 5734 | AY20: 131670 | AZ20: 157555 | BA20: 137651 | BB20: 94169 | BC20: 90448 | BD20: 1360744 | BE20: 1683012 | BF20: =BK20+BP20+BU20+BZ20+CE20 -> 30287 | BG20: =BL20+BQ20+BV20+CA20+CF20 -> 25483 | BH20: =BM20+BR20+BW20+CB20+CG20 -> 322952 | BI20: =BN20+BS20+BX20+CC20+CH20 -> 365150 | BJ20: =BO20+BT20+BY20+CD20+CI20 -> 743872 | BK20: 498 | BM20: 88247 | BN20: 96612 | BO20: 185357 | BP20: 15993 | BQ20: 21896 | BR20: 76634 | BS20: 86086 | BT20: 200609 | BU20: 13796 | BV20: 3587 | BW20: 129128 | BX20: 121991 | BY20: 268502 | CB20: 28943 | CC20: 60461 | CD20: 89404
B21: 收藏玩具 | C21: =H21+BF21 -> 126130 | D21: =I21+BG21 -> 83459 | E21: =J21+BH21 -> 3151992 | F21: =K21+BI21 -> 1804562 | G21: =L21+BJ21 -> 5166143 | H21: =M21+R21+W21+AB21+AG21+AL21+AQ21+AV21+BA21 -> 110339 | I21: =N21+S21+X21+AC21+AH21+AM21+AR21+AW21+BB21 -> 55968 | J21: =O21+T21+Y21+AD21+AI21+AN21+AS21+AX21+BC21 -> 3136602 | K21: =P21+U21+Z21+AE21+AJ21+AO21+AT21+AY21+BD21 -> 1798766 | L21: =Q21+V21+AA21+AF21+AK21+AP21+AU21+AZ21+BE21 -> 5101675 | M21: 1299 | N21: 2598 | O21: 197448 | P21: 193716 | Q21: 395061 | R21: 10197 | S21: 2599 | T21: 210909 | U21: 205242 | V21: 428947 | Y21: 302667 | Z21: 282425 | AA21: 585092 | AB21: 20195 | AE21: 264240 | AF21: 284435 | AI21: 2090633 | AJ21: 497296 | AK21: 2587929 | AL21: 9093 | AM21: 2598 | AN21: 109116 | AO21: 85238 | AP21: 206045 | AQ21: 48771 | AR21: 11691 | AS21: 211540 | AT21: 49669 | AU21: 321671 | AW21: 10998 | AY21: 27279 | AZ21: 38277 | BA21: 20784 | BB21: 25484 | BC21: 14289 | BD21: 193661 | BE21: 254218 | BF21: =BK21+BP21+BU21+BZ21+CE21 -> 15791 | BG21: =BL21+BQ21+BV21+CA21+CF21 -> 27491 | BH21: =BM21+BR21+BW21+CB21+CG21 -> 15390 | BI21: =BN21+BS21+BX21+CC21+CH21 -> 5796 | BJ21: =BO21+BT21+BY21+CD21+CI21 -> 64468 | BK21: 4497 | BL21: 2598 | BN21: 2598 | BO21: 9693 | BP21: 6298 | BQ21: 2598 | BR21: 5196 | BT21: 14092 | BU21: 4996 | BV21: 17296 | BW21: 10194 | BX21: 1299 | BY21: 33785 | CA21: 4999 | CC21: 1899 | CD21: 6898
A22: DIMOO 汇总 | C22: =H22+BF22 -> 9838872 | D22: =I22+BG22 -> 7167872 | E22: =J22+BH22 -> 32748923 | F22: =K22+BI22 -> 32939979 | G22: =L22+BJ22 -> 82695646 | H22: =M22+R22+W22+AB22+AG22+AL22+AQ22+AV22+BA22 -> 9152405 | I22: =N22+S22+X22+AC22+AH22+AM22+AR22+AW22+BB22 -> 6524506 | J22: =O22+T22+Y22+AD22+AI22+AN22+AS22+AX22+BC22 -> 31521905 | K22: =P22+U22+Z22+AE22+AJ22+AO22+AT22+AY22+BD22 -> 31651329 | L22: =Q22+V22+AA22+AF22+AK22+AP22+AU22+AZ22+BE22 -> 78850145 | M22: 1043606 | N22: 750423 | O22: 1901789 | P22: 3035518 | Q22: 6731336 | R22: 505558 | S22: 416386 | T22: 2501725 | U22: 2339800 | V22: 5763469 | W22: 943405 | X22: 469890 | Y22: 1756992 | Z22: 3597995 | AA22: 6768282 | AB22: 462303 | AC22: 611367 | AD22: 3131447 | AE22: 3139242 | AF22: 7344359 | AG22: 3085395 | AH22: 2027294 | AI22: 17827620 | AJ22: 12317107 | AK22: 35257416 | AL22: 280020 | AM22: 252059 | AN22: 773124 | AO22: 668755 | AP22: 1973958 | AQ22: 1236954 | AR22: 890957 | AS22: 2592443 | AT22: 3284685 | AU22: 8005039 | AV22: 189989 | AW22: 100768 | AX22: 80285 | AY22: 311253 | AZ22: 682295 | BA22: 1405175 | BB22: 1005362 | BC22: 956480 | BD22: 2956974 | BE22: 6323991 | BF22: =BK22+BP22+BU22+BZ22+CE22 -> 686467 | BG22: =BL22+BQ22+BV22+CA22+CF22 -> 643366 | BH22: =BM22+BR22+BW22+CB22+CG22 -> 1227018 | BI22: =BN22+BS22+BX22+CC22+CH22 -> 1288650 | BJ22: =BO22+BT22+BY22+CD22+CI22 -> 3845501 | BK22: 38505 | BL22: 39550 | BM22: 167477 | BN22: 164527 | BO22: 410059 | BP22: 325540 | BQ22: 313302 | BR22: 359868 | BS22: 422634 | BT22: 1421344 | BU22: 234425 | BV22: 230235 | BW22: 565000 | BX22: 531220 | BY22: 1560880 | BZ22: 46583 | CA22: 34314 | CB22: 96985 | CC22: 136763 | CD22: 314645 | CE22: 41414 | CF22: 25965 | CG22: 37688 | CH22: 33506 | CI22: 138573
A23: SKULLPANDA | B23: 潮流玩具 | C23: =H23+BF23 -> 8978315 | D23: =I23+BG23 -> 9995612 | E23: =J23+BH23 -> 7589134 | F23: =K23+BI23 -> 10442721 | G23: =L23+BJ23 -> 37005782 | H23: =M23+R23+W23+AB23+AG23+AL23+AQ23+AV23+BA23 -> 7468360 | I23: =N23+S23+X23+AC23+AH23+AM23+AR23+AW23+BB23 -> 8509318 | J23: =O23+T23+Y23+AD23+AI23+AN23+AS23+AX23+BC23 -> 6025381 | K23: =P23+U23+Z23+AE23+AJ23+AO23+AT23+AY23+BD23 -> 8536765 | L23: =Q23+V23+AA23+AF23+AK23+AP23+AU23+AZ23+BE23 -> 30539824 | M23: 1631642 | N23: 1762863 | O23: 1087556 | P23: 1928779 | Q23: 6410840 | R23: 653084 | S23: 1062474 | T23: 660167 | U23: 983394 | V23: 3359119 | W23: 333089 | X23: 403997 | Y23: 684672 | Z23: 668295 | AA23: 2090053 | AB23: 202633 | AC23: 222133 | AD23: 592649 | AE23: 811294 | AF23: 1828709 | AG23: 2012982 | AH23: 2555525 | AI23: 936281 | AJ23: 1827261 | AK23: 7332049 | AL23: 285771 | AM23: 410593 | AN23: 284160 | AO23: 408934 | AP23: 1389458 | AQ23: 1185665 | AR23: 809542 | AS23: 600789 | AT23: 801010 | AU23: 3397006 | AV23: 119247 | AW23: 153563 | AX23: 135574 | AY23: 45987 | AZ23: 454371 | BA23: 1044247 | BB23: 1128628 | BC23: 1043533 | BD23: 1061811 | BE23: 4278219 | BF23: =BK23+BP23+BU23+BZ23+CE23 -> 1509955 | BG23: =BL23+BQ23+BV23+CA23+CF23 -> 1486294 | BH23: =BM23+BR23+BW23+CB23+CG23 -> 1563753 | BI23: =BN23+BS23+BX23+CC23+CH23 -> 1905956 | BJ23: =BO23+BT23+BY23+CD23+CI23 -> 6465958 | BK23: 89061 | BL23: 81213 | BM23: 95946 | BN23: 136193 | BO23: 402413 | BP23: 460679 | BQ23: 537417 | BR23: 507382 | BS23: 622093 | BT23: 2127571 | BU23: 713749 | BV23: 614136 | BW23: 697656 | BX23: 812325 | BY23: 2837866 | BZ23: 129640 | CA23: 150650 | CB23: 152574 | CC23: 204500 | CD23: 637364 | CE23: 116826 | CF23: 102878 | CG23: 110195 | CH23: 130845 | CI23: 460744
B24: 潮流周边 | C24: =H24+BF24 -> 933297 | D24: =I24+BG24 -> 626517 | E24: =J24+BH24 -> 492318 | F24: =K24+BI24 -> 1297585 | G24: =L24+BJ24 -> 3349717 | H24: =M24+R24+W24+AB24+AG24+AL24+AQ24+AV24+BA24 -> 840583 | I24: =N24+S24+X24+AC24+AH24+AM24+AR24+AW24+BB24 -> 554922 | J24: =O24+T24+Y24+AD24+AI24+AN24+AS24+AX24+BC24 -> 427671 | K24: =P24+U24+Z24+AE24+AJ24+AO24+AT24+AY24+BD24 -> 1130591 | L24: =Q24+V24+AA24+AF24+AK24+AP24+AU24+AZ24+BE24 -> 2953767 | M24: 23205 | N24: 16510 | O24: 11825 | P24: 91906 | Q24: 143446 | R24: 25596 | S24: 16464 | T24: 20510 | U24: 29171 | V24: 91741 | W24: 27671 | X24: 20757 | Y24: 24745 | Z24: 89353 | AA24: 162526 | AB24: 78022 | AC24: 69445 | AD24: 38752 | AE24: 156324 | AF24: 342543 | AG24: 520970 | AH24: 306551 | AI24: 215572 | AJ24: 483642 | AK24: 1526735 | AL24: 28449 | AM24: 28666 | AN24: 34337 | AO24: 56666 | AP24: 148118 | AQ24: 35027 | AR24: 33862 | AS24: 28533 | AT24: 86684 | AU24: 184106 | AV24: 10983 | AW24: 7738 | AX24: 6983 | AY24: 13053 | AZ24: 38757 | BA24: 90660 | BB24: 54929 | BC24: 46414 | BD24: 123792 | BE24: 315795 | BF24: =BK24+BP24+BU24+BZ24+CE24 -> 92714 | BG24: =BL24+BQ24+BV24+CA24+CF24 -> 71595 | BH24: =BM24+BR24+BW24+CB24+CG24 -> 64647 | BI24: =BN24+BS24+BX24+CC24+CH24 -> 166994 | BJ24: =BO24+BT24+BY24+CD24+CI24 -> 395950 | BK24: 3356 | BL24: 4589 | BM24: 4833 | BN24: 10528 | BO24: 23306 | BP24: 27359 | BQ24: 17465 | BR24: 8667 | BS24: 30743 | BT24: 84234 | BU24: 46418 | BV24: 42697 | BW24: 43416 | BX24: 101431 | BY24: 233962 | BZ24: 7424 | CA24: 5704 | CB24: 4577 | CC24: 16908 | CD24: 34613 | CE24: 8157 | CF24: 1140 | CG24: 3154 | CH24: 7384 | CI24: 19835
B25: 毛绒玩具 | C25: =H25+BF25 -> 4455790 | D25: =I25+BG25 -> 4576468 | E25: =J25+BH25 -> 7361800 | F25: =K25+BI25 -> 8904549 | G25: =L25+BJ25 -> 25298607 | H25: =M25+R25+W25+AB25+AG25+AL25+AQ25+AV25+BA25 -> 4134870 | I25: =N25+S25+X25+AC25+AH25+AM25+AR25+AW25+BB25 -> 3156503 | J25: =O25+T25+Y25+AD25+AI25+AN25+AS25+AX25+BC25 -> 5198885 | K25: =P25+U25+Z25+AE25+AJ25+AO25+AT25+AY25+BD25 -> 6907115 | L25: =Q25+V25+AA25+AF25+AK25+AP25+AU25+AZ25+BE25 -> 19397373 | M25: 257147 | N25: 253834 | O25: 462544 | P25: 1609264 | Q25: 2582789 | R25: 334945 | S25: 561783 | T25: 520062 | U25: 755604 | V25: 2172394 | W25: 21512 | X25: 607101 | Y25: 763414 | Z25: 788763 | AA25: 2180790 | AB25: 9555 | AC25: 586 | AD25: 2344 | AE25: 1071544 | AF25: 1084029 | AG25: 3056070 | AH25: 1268203 | AI25: 2760904 | AJ25: 1364321 | AK25: 8449498 | AL25: 29007 | AM25: 85141 | AN25: 171315 | AO25: 464581 | AP25: 750044 | AQ25: 300570 | AR25: 130032 | AS25: 441954 | AT25: 492651 | AU25: 1365207 | AV25: 69 | AW25: 33927 | AX25: 58953 | AY25: 25413 | AZ25: 118362 | BA25: 125995 | BB25: 215896 | BC25: 17395 | BD25: 334974 | BE25: 694260 | BF25: =BK25+BP25+BU25+BZ25+CE25 -> 320920 | BG25: =BL25+BQ25+BV25+CA25+CF25 -> 1419965 | BH25: =BM25+BR25+BW25+CB25+CG25 -> 2162915 | BI25: =BN25+BS25+BX25+CC25+CH25 -> 1997434 | BJ25: =BO25+BT25+BY25+CD25+CI25 -> 5901234 | BK25: 11112 | BL25: 211032 | BM25: 162094 | BN25: 127206 | BO25: 511444 | BP25: 288309 | BQ25: 356225 | BR25: 428900 | BS25: 406444 | BT25: 1479878 | BU25: 7720 | BV25: 678697 | BW25: 1356826 | BX25: 1245538 | BY25: 3288781 | BZ25: 11985 | CA25: 173528 | CB25: 86250 | CC25: 94406 | CD25: 366169 | CE25: 1794 | CF25: 483 | CG25: 128845 | CH25: 123840 | CI25: 254962
B26: 收藏玩具 | C26: =H26+BF26 -> 278340 | D26: =I26+BG26 -> 299844 | E26: =J26+BH26 -> 231882 | F26: =K26+BI26 -> 168913 | G26: =L26+BJ26 -> 978979 | H26: =M26+R26+W26+AB26+AG26+AL26+AQ26+AV26+BA26 -> 252350 | I26: =N26+S26+X26+AC26+AH26+AM26+AR26+AW26+BB26 -> 246861 | J26: =O26+T26+Y26+AD26+AI26+AN26+AS26+AX26+BC26 -> 187397 | K26: =P26+U26+Z26+AE26+AJ26+AO26+AT26+AY26+BD26 -> 144422 | L26: =Q26+V26+AA26+AF26+AK26+AP26+AU26+AZ26+BE26 -> 831030 | R26: 17988 | S26: 6999 | T26: 11992 | U26: 14990 | V26: 51969 | W26: 24987 | X26: 13491 | AA26: 38478 | AC26: 25494 | AD26: 15497 | AE26: 1499 | AF26: 42490 | AG26: 135913 | AH26: 131912 | AI26: 101932 | AJ26: 67455 | AK26: 437212 | AL26: 16996 | AM26: 12995 | AN26: 2998 | AO26: 19994 | AP26: 52983 | AQ26: 16489 | AR26: 27985 | AS26: 5996 | AT26: 19994 | AU26: 70464 | AV26: 11496 | AW26: 1499 | AX26: 22496 | AY26: 8498 | AZ26: 43989 | BA26: 28481 | BB26: 26486 | BC26: 26486 | BD26: 11992 | BE26: 93445 | BF26: =BK26+BP26+BU26+BZ26+CE26 -> 25990 | BG26: =BL26+BQ26+BV26+CA26+CF26 -> 52983 | BH26: =BM26+BR26+BW26+CB26+CG26 -> 44485 | BI26: =BN26+BS26+BX26+CC26+CH26 -> 24491 | BJ26: =BO26+BT26+BY26+CD26+CI26 -> 147949 | BP26: 8498 | BQ26: 25494 | BR26: 8498 | BS26: 9997 | BT26: 52487 | BU26: 10493 | BV26: 15993 | BW26: 32989 | BX26: 14494 | BY26: 73969 | BZ26: 6999 | CA26: 11496 | CB26: 2998 | CD26: 21493
B27: 珠宝首饰 | C27: =H27+BF27 -> 8956 | D27: =I27+BG27 -> 0 | E27: =J27+BH27 -> 0 | F27: =K27+BI27 -> 0 | G27: =L27+BJ27 -> 8956 | H27: =M27+R27+W27+AB27+AG27+AL27+AQ27+AV27+BA27 -> 8956 | I27: =N27+S27+X27+AC27+AH27+AM27+AR27+AW27+BB27 -> 0 | J27: =O27+T27+Y27+AD27+AI27+AN27+AS27+AX27+BC27 -> 0 | K27: =P27+U27+Z27+AE27+AJ27+AO27+AT27+AY27+BD27 -> 0 | L27: =Q27+V27+AA27+AF27+AK27+AP27+AU27+AZ27+BE27 -> 8956 | AG27: 8956 | AK27: 8956 | BF27: =BK27+BP27+BU27+BZ27+CE27 -> 0 | BG27: =BL27+BQ27+BV27+CA27+CF27 -> 0 | BH27: =BM27+BR27+BW27+CB27+CG27 -> 0 | BI27: =BN27+BS27+BX27+CC27+CH27 -> 0 | BJ27: =BO27+BT27+BY27+CD27+CI27 -> 0
A28: SKULLPANDA 汇总 | C28: =H28+BF28 -> 14654698 | D28: =I28+BG28 -> 15498441 | E28: =J28+BH28 -> 15675134 | F28: =K28+BI28 -> 20813768 | G28: =L28+BJ28 -> 66642041 | H28: =M28+R28+W28+AB28+AG28+AL28+AQ28+AV28+BA28 -> 12705119 | I28: =N28+S28+X28+AC28+AH28+AM28+AR28+AW28+BB28 -> 12467604 | J28: =O28+T28+Y28+AD28+AI28+AN28+AS28+AX28+BC28 -> 11839334 | K28: =P28+U28+Z28+AE28+AJ28+AO28+AT28+AY28+BD28 -> 16718893 | L28: =Q28+V28+AA28+AF28+AK28+AP28+AU28+AZ28+BE28 -> 53730950 | M28: 1911994 | N28: 2033207 | O28: 1561925 | P28: 3629949 | Q28: 9137075 | R28: 1031613 | S28: 1647720 | T28: 1212731 | U28: 1783159 | V28: 5675223 | W28: 407259 | X28: 1045346 | Y28: 1472831 | Z28: 1546411 | AA28: 4471847 | AB28: 290210 | AC28: 317658 | AD28: 649242 | AE28: 2040661 | AF28: 3297771 | AG28: 5734891 | AH28: 4262191 | AI28: 4014689 | AJ28: 3742679 | AK28: 17754450 | AL28: 360223 | AM28: 537395 | AN28: 492810 | AO28: 950175 | AP28: 2340603 | AQ28: 1537751 | AR28: 1001421 | AS28: 1077272 | AT28: 1400339 | AU28: 5016783 | AV28: 141795 | AW28: 196727 | AX28: 224006 | AY28: 92951 | AZ28: 655479 | BA28: 1289383 | BB28: 1425939 | BC28: 1133828 | BD28: 1532569 | BE28: 5381719 | BF28: =BK28+BP28+BU28+BZ28+CE28 -> 1949579 | BG28: =BL28+BQ28+BV28+CA28+CF28 -> 3030837 | BH28: =BM28+BR28+BW28+CB28+CG28 -> 3835800 | BI28: =BN28+BS28+BX28+CC28+CH28 -> 4094875 | BJ28: =BO28+BT28+BY28+CD28+CI28 -> 12911091 | BK28: 103529 | BL28: 296834 | BM28: 262873 | BN28: 273927 | BO28: 937163 | BP28: 784845 | BQ28: 936601 | BR28: 953447 | BS28: 1069277 | BT28: 3744170 | BU28: 778380 | BV28: 1351523 | BW28: 2130887 | BX28: 2173788 | BY28: 6434578 | BZ28: 156048 | CA28: 341378 | CB28: 246399 | CC28: 315814 | CD28: 1059639 | CE28: 126777 | CF28: 104501 | CG28: 242194 | CH28: 262069 | CI28: 735541
A29: HIRONO | B29: 潮流玩具 | C29: =H29+BF29 -> 13565159 | D29: =I29+BG29 -> 13790838 | E29: =J29+BH29 -> 12274924 | F29: =K29+BI29 -> 17932653 | G29: =L29+BJ29 -> 57563574 | H29: =M29+R29+W29+AB29+AG29+AL29+AQ29+AV29+BA29 -> 11883349 | I29: =N29+S29+X29+AC29+AH29+AM29+AR29+AW29+BB29 -> 12021525 | J29: =O29+T29+Y29+AD29+AI29+AN29+AS29+AX29+BC29 -> 10423369 | K29: =P29+U29+Z29+AE29+AJ29+AO29+AT29+AY29+BD29 -> 15528561 | L29: =Q29+V29+AA29+AF29+AK29+AP29+AU29+AZ29+BE29 -> 49856804 | M29: 1652800 | N29: 1593374 | O29: 1543593 | P29: 1477618 | Q29: 6267385 | R29: 734166 | S29: 631996 | T29: 642910 | U29: 1359684 | V29: 3368756 | W29: 2025796 | X29: 1895489 | Y29: 1722666 | Z29: 1958380 | AA29: 7602331 | AB29: 277432 | AC29: 825232 | AD29: 741898 | AE29: 1050387 | AF29: 2894949 | AG29: 3667980 | AH29: 3410897 | AI29: 2555165 | AJ29: 5596764 | AK29: 15230806 | AL29: 557242 | AM29: 755125 | AN29: 732973 | AO29: 1256616 | AP29: 3301956 | AQ29: 1307948 | AR29: 1118152 | AS29: 1190293 | AT29: 1910708 | AU29: 5527101 | AV29: 179302 | AW29: 154798 | AX29: 86620 | AY29: 90050 | AZ29: 510770 | BA29: 1480683 | BB29: 1636462 | BC29: 1207251 | BD29: 828354 | BE29: 5152750 | BF29: =BK29+BP29+BU29+BZ29+CE29 -> 1681810 | BG29: =BL29+BQ29+BV29+CA29+CF29 -> 1769313 | BH29: =BM29+BR29+BW29+CB29+CG29 -> 1851555 | BI29: =BN29+BS29+BX29+CC29+CH29 -> 2404092 | BJ29: =BO29+BT29+BY29+CD29+CI29 -> 7706770 | BK29: 130738 | BL29: 132621 | BM29: 138552 | BN29: 122912 | BO29: 524823 | BP29: 622839 | BQ29: 692700 | BR29: 549402 | BS29: 772495 | BT29: 2637436 | BU29: 672780 | BV29: 618492 | BW29: 848357 | BX29: 1138833 | BY29: 3278462 | BZ29: 183567 | CA29: 180415 | CB29: 163773 | CC29: 196000 | CD29: 723755 | CE29: 71886 | CF29: 145085 | CG29: 151471 | CH29: 173852 | CI29: 542294
B30: 潮流周边 | C30: =H30+BF30 -> 86682 | D30: =I30+BG30 -> 45995 | E30: =J30+BH30 -> 26561 | F30: =K30+BI30 -> 2908177 | G30: =L30+BJ30 -> 3067415 | H30: =M30+R30+W30+AB30+AG30+AL30+AQ30+AV30+BA30 -> 78408 | I30: =N30+S30+X30+AC30+AH30+AM30+AR30+AW30+BB30 -> 42354 | J30: =O30+T30+Y30+AD30+AI30+AN30+AS30+AX30+BC30 -> 22960 | K30: =P30+U30+Z30+AE30+AJ30+AO30+AT30+AY30+BD30 -> 2806160 | L30: =Q30+V30+AA30+AF30+AK30+AP30+AU30+AZ30+BE30 -> 2949882 | M30: 258 | N30: 258 | P30: 156899 | Q30: 157415 | U30: 121198 | V30: 121198 | Z30: 443813 | AA30: 443813 | AB30: 22007 | AC30: 22892 | AD30: 14524 | AE30: 94065 | AF30: 153488 | AG30: 46256 | AH30: 11269 | AI30: 3245 | AJ30: 1764665 | AK30: 1825435 | AM30: 138 | AO30: 86783 | AP30: 86921 | AQ30: 2193 | AR30: 2967 | AS30: 2193 | AT30: 137450 | AU30: 144803 | AV30: 4018 | AW30: 2699 | AX30: 1687 | AY30: 1041 | AZ30: 9445 | BA30: 3676 | BB30: 2131 | BC30: 1311 | BD30: 246 | BE30: 7364 | BF30: =BK30+BP30+BU30+BZ30+CE30 -> 8274 | BG30: =BL30+BQ30+BV30+CA30+CF30 -> 3641 | BH30: =BM30+BR30+BW30+CB30+CG30 -> 3601 | BI30: =BN30+BS30+BX30+CC30+CH30 -> 102017 | BJ30: =BO30+BT30+BY30+CD30+CI30 -> 117533 | BK30: 3599 | BL30: 708 | BM30: 1121 | BN30: 8180 | BO30: 13608 | BP30: 590 | BQ30: 649 | BR30: 531 | BS30: 31865 | BT30: 33635 | BU30: 4085 | BV30: 2284 | BW30: 1949 | BX30: 53776 | BY30: 62094 | CC30: 6753 | CD30: 6753 | CH30: 1443 | CI30: 1443
B31: 收藏玩具 | C31: =H31+BF31 -> 23994 | D31: =I31+BG31 -> 341414 | E31: =J31+BH31 -> 91977 | F31: =K31+BI31 -> 63984 | G31: =L31+BJ31 -> 521369 | H31: =M31+R31+W31+AB31+AG31+AL31+AQ31+AV31+BA31 -> 23994 | I31: =N31+S31+X31+AC31+AH31+AM31+AR31+AW31+BB31 -> 327918 | J31: =O31+T31+Y31+AD31+AI31+AN31+AS31+AX31+BC31 -> 79980 | K31: =P31+U31+Z31+AE31+AJ31+AO31+AT31+AY31+BD31 -> 59985 | L31: =Q31+V31+AA31+AF31+AK31+AP31+AU31+AZ31+BE31 -> 491877 | M31: 11997 | Q31: 11997 | R31: 11997 | V31: 11997 | AH31: 327918 | AI31: 79980 | AK31: 407898 | AT31: 59985 | AU31: 59985 | BF31: =BK31+BP31+BU31+BZ31+CE31 -> 0 | BG31: =BL31+BQ31+BV31+CA31+CF31 -> 13496 | BH31: =BM31+BR31+BW31+CB31+CG31 -> 11997 | BI31: =BN31+BS31+BX31+CC31+CH31 -> 3999 | BJ31: =BO31+BT31+BY31+CD31+CI31 -> 29492 | BQ31: 5498 | BR31: 3999 | BS31: 3999 | BT31: 13496 | BV31: 7998 | BW31: 7998 | BY31: 15996
B32: 组合产品 | C32: =H32+BF32 -> 510947 | D32: =I32+BG32 -> 396538 | E32: =J32+BH32 -> 167121 | F32: =K32+BI32 -> 97038 | G32: =L32+BJ32 -> 1171644 | H32: =M32+R32+W32+AB32+AG32+AL32+AQ32+AV32+BA32 -> 494175 | I32: =N32+S32+X32+AC32+AH32+AM32+AR32+AW32+BB32 -> 370781 | J32: =O32+T32+Y32+AD32+AI32+AN32+AS32+AX32+BC32 -> 129983 | K32: =P32+U32+Z32+AE32+AJ32+AO32+AT32+AY32+BD32 -> 81464 | L32: =Q32+V32+AA32+AF32+AK32+AP32+AU32+AZ32+BE32 -> 1076403 | M32: 34143 | N32: 56905 | O32: 26356 | P32: 25757 | Q32: 143161 | R32: 7787 | S32: 17371 | T32: 1198 | V32: 26356 | W32: 11980 | AA32: 11980 | AC32: 131181 | AE32: 599 | AF32: 131780 | AG32: 338435 | AH32: 88053 | AI32: 58702 | AJ32: 44925 | AK32: 530115 | AL32: 10782 | AM32: 8985 | AN32: 6589 | AP32: 26356 | AQ32: 28752 | AR32: 10782 | AS32: 11381 | AU32: 50915 | AV32: 8985 | AW32: 13777 | AX32: 4193 | AZ32: 26955 | BA32: 53311 | BB32: 43727 | BC32: 21564 | BD32: 10183 | BE32: 128785 | BF32: =BK32+BP32+BU32+BZ32+CE32 -> 16772 | BG32: =BL32+BQ32+BV32+CA32+CF32 -> 25757 | BH32: =BM32+BR32+BW32+CB32+CG32 -> 37138 | BI32: =BN32+BS32+BX32+CC32+CH32 -> 15574 | BJ32: =BO32+BT32+BY32+CD32+CI32 -> 95241 | BK32: 7787 | BO32: 7787 | BQ32: 20366 | BR32: 16772 | BS32: 9584 | BT32: 46722 | BW32: 20366 | BX32: 5990 | BY32: 26356 | BZ32: 8985 | CA32: 5391 | CD32: 14376
A33: HIRONO 汇总 | C33: =H33+BF33 -> 14186782 | D33: =I33+BG33 -> 14574785 | E33: =J33+BH33 -> 12560583 | F33: =K33+BI33 -> 21001852 | G33: =L33+BJ33 -> 62324002 | H33: =M33+R33+W33+AB33+AG33+AL33+AQ33+AV33+BA33 -> 12479926 | I33: =N33+S33+X33+AC33+AH33+AM33+AR33+AW33+BB33 -> 12762578 | J33: =O33+T33+Y33+AD33+AI33+AN33+AS33+AX33+BC33 -> 10656292 | K33: =P33+U33+Z33+AE33+AJ33+AO33+AT33+AY33+BD33 -> 18476170 | L33: =Q33+V33+AA33+AF33+AK33+AP33+AU33+AZ33+BE33 -> 54374966 | M33: 1699198 | N33: 1650537 | O33: 1569949 | P33: 1660274 | Q33: 6579958 | R33: 753950 | S33: 649367 | T33: 644108 | U33: 1480882 | V33: 3528307 | W33: 2037776 | X33: 1895489 | Y33: 1722666 | Z33: 2402193 | AA33: 8058124 | AB33: 299439 | AC33: 979305 | AD33: 756422 | AE33: 1145051 | AF33: 3180217 | AG33: 4052671 | AH33: 3838137 | AI33: 2697092 | AJ33: 7406354 | AK33: 17994254 | AL33: 568024 | AM33: 764248 | AN33: 739562 | AO33: 1343399 | AP33: 3415233 | AQ33: 1338893 | AR33: 1131901 | AS33: 1203867 | AT33: 2108143 | AU33: 5782804 | AV33: 192305 | AW33: 171274 | AX33: 92500 | AY33: 91091 | AZ33: 547170 | BA33: 1537670 | BB33: 1682320 | BC33: 1230126 | BD33: 838783 | BE33: 5288899 | BF33: =BK33+BP33+BU33+BZ33+CE33 -> 1706856 | BG33: =BL33+BQ33+BV33+CA33+CF33 -> 1812207 | BH33: =BM33+BR33+BW33+CB33+CG33 -> 1904291 | BI33: =BN33+BS33+BX33+CC33+CH33 -> 2525682 | BJ33: =BO33+BT33+BY33+CD33+CI33 -> 7949036 | BK33: 142124 | BL33: 133329 | BM33: 139673 | BN33: 131092 | BO33: 546218 | BP33: 623429 | BQ33: 719213 | BR33: 570704 | BS33: 817943 | BT33: 2731289 | BU33: 676865 | BV33: 628774 | BW33: 878670 | BX33: 1198599 | BY33: 3382908 | BZ33: 192552 | CA33: 185806 | CB33: 163773 | CC33: 202753 | CD33: 744884 | CE33: 71886 | CF33: 145085 | CG33: 151471 | CH33: 175295 | CI33: 543737
A34: DISNEY | B34: 潮流玩具 | C34: =H34+BF34 -> 8647080 | D34: =I34+BG34 -> 8746746 | E34: =J34+BH34 -> 9198016 | F34: =K34+BI34 -> 8351910 | G34: =L34+BJ34 -> 34943752 | H34: =M34+R34+W34+AB34+AG34+AL34+AQ34+AV34+BA34 -> 6923725 | I34: =N34+S34+X34+AC34+AH34+AM34+AR34+AW34+BB34 -> 6838217 | J34: =O34+T34+Y34+AD34+AI34+AN34+AS34+AX34+BC34 -> 7310429 | K34: =P34+U34+Z34+AE34+AJ34+AO34+AT34+AY34+BD34 -> 6722538 | L34: =Q34+V34+AA34+AF34+AK34+AP34+AU34+AZ34+BE34 -> 27794909 | M34: 1743467 | N34: 1581449 | O34: 1531807 | P34: 1609425 | Q34: 6466148 | R34: 1154077 | S34: 1091386 | T34: 1192110 | U34: 968057 | V34: 4405630 | W34: 328536 | X34: 347004 | Y34: 449241 | Z34: 367139 | AA34: 1491920 | AB34: 607993 | AC34: 993039 | AD34: 865998 | AE34: 813688 | AF34: 3280718 | AG34: 1631063 | AH34: 1364656 | AI34: 1492651 | AJ34: 1420798 | AK34: 5909168 | AL34: 144169 | AM34: 200886 | AN34: 168372 | AO34: 158347 | AP34: 671774 | AQ34: 625818 | AR34: 556495 | AS34: 607922 | AT34: 532648 | AU34: 2322883 | AV34: 105972 | AW34: 89984 | AX34: 125419 | AY34: 97408 | AZ34: 418783 | BA34: 582630 | BB34: 613318 | BC34: 876909 | BD34: 755028 | BE34: 2827885 | BF34: =BK34+BP34+BU34+BZ34+CE34 -> 1723355 | BG34: =BL34+BQ34+BV34+CA34+CF34 -> 1908529 | BH34: =BM34+BR34+BW34+CB34+CG34 -> 1887587 | BI34: =BN34+BS34+BX34+CC34+CH34 -> 1629372 | BJ34: =BO34+BT34+BY34+CD34+CI34 -> 7148843 | BK34: 78469 | BL34: 67179 | BM34: 87405 | BN34: 51029 | BO34: 284082 | BP34: 1148686 | BQ34: 1259419 | BR34: 1114276 | BS34: 838214 | BT34: 4360595 | BU34: 377746 | BV34: 449114 | BW34: 577539 | BX34: 612187 | BY34: 2016586 | BZ34: 85145 | CA34: 76131 | CB34: 86839 | CC34: 100679 | CD34: 348794 | CE34: 33309 | CF34: 56686 | CG34: 21528 | CH34: 27263 | CI34: 138786
B35: 毛绒玩具 | C35: =H35+BF35 -> 0 | D35: =I35+BG35 -> 291753 | E35: =J35+BH35 -> 3197106 | F35: =K35+BI35 -> 4505886 | G35: =L35+BJ35 -> 7994745 | H35: =M35+R35+W35+AB35+AG35+AL35+AQ35+AV35+BA35 -> 0 | I35: =N35+S35+X35+AC35+AH35+AM35+AR35+AW35+BB35 -> 291753 | J35: =O35+T35+Y35+AD35+AI35+AN35+AS35+AX35+BC35 -> 2972772 | K35: =P35+U35+Z35+AE35+AJ35+AO35+AT35+AY35+BD35 -> 4197501 | L35: =Q35+V35+AA35+AF35+AK35+AP35+AU35+AZ35+BE35 -> 7462026 | O35: 190377 | P35: 1026531 | Q35: 1216908 | S35: 100386 | T35: 307989 | U35: 529551 | V35: 937926 | Y35: 286902 | Z35: 488268 | AA35: 775170 | AC35: 80586 | AD35: 151272 | AE35: 418671 | AF35: 650529 | AH35: 93753 | AI35: 1052568 | AJ35: 1188990 | AK35: 2335311 | AM35: 17028 | AN35: 22275 | AO35: 57321 | AP35: 96624 | AS35: 437283 | AT35: 244926 | AU35: 682209 | AY35: 61281 | AZ35: 61281 | BC35: 524106 | BD35: 181962 | BE35: 706068 | BF35: =BK35+BP35+BU35+BZ35+CE35 -> 0 | BG35: =BL35+BQ35+BV35+CA35+CF35 -> 0 | BH35: =BM35+BR35+BW35+CB35+CG35 -> 224334 | BI35: =BN35+BS35+BX35+CC35+CH35 -> 308385 | BJ35: =BO35+BT35+BY35+CD35+CI35 -> 532719 | BM35: 46332 | BN35: 62766 | BO35: 109098 | BR35: 94743 | BS35: 84645 | BT35: 179388 | BW35: 18117 | BX35: 119196 | BY35: 137313 | CB35: 53361 | CC35: 41778 | CD35: 95139 | CG35: 11781 | CI35: 11781
A36: DISNEY 汇总 | C36: =H36+BF36 -> 8647080 | D36: =I36+BG36 -> 9038499 | E36: =J36+BH36 -> 12395122 | F36: =K36+BI36 -> 12857796 | G36: =L36+BJ36 -> 42938497 | H36: =M36+R36+W36+AB36+AG36+AL36+AQ36+AV36+BA36 -> 6923725 | I36: =N36+S36+X36+AC36+AH36+AM36+AR36+AW36+BB36 -> 7129970 | J36: =O36+T36+Y36+AD36+AI36+AN36+AS36+AX36+BC36 -> 10283201 | K36: =P36+U36+Z36+AE36+AJ36+AO36+AT36+AY36+BD36 -> 10920039 | L36: =Q36+V36+AA36+AF36+AK36+AP36+AU36+AZ36+BE36 -> 35256935 | M36: 1743467 | N36: 1581449 | O36: 1722184 | P36: 2635956 | Q36: 7683056 | R36: 1154077 | S36: 1191772 | T36: 1500099 | U36: 1497608 | V36: 5343556 | W36: 328536 | X36: 347004 | Y36: 736143 | Z36: 855407 | AA36: 2267090 | AB36: 607993 | AC36: 1073625 | AD36: 1017270 | AE36: 1232359 | AF36: 3931247 | AG36: 1631063 | AH36: 1458409 | AI36: 2545219 | AJ36: 2609788 | AK36: 8244479 | AL36: 144169 | AM36: 217914 | AN36: 190647 | AO36: 215668 | AP36: 768398 | AQ36: 625818 | AR36: 556495 | AS36: 1045205 | AT36: 777574 | AU36: 3005092 | AV36: 105972 | AW36: 89984 | AX36: 125419 | AY36: 158689 | AZ36: 480064 | BA36: 582630 | BB36: 613318 | BC36: 1401015 | BD36: 936990 | BE36: 3533953 | BF36: =BK36+BP36+BU36+BZ36+CE36 -> 1723355 | BG36: =BL36+BQ36+BV36+CA36+CF36 -> 1908529 | BH36: =BM36+BR36+BW36+CB36+CG36 -> 2111921 | BI36: =BN36+BS36+BX36+CC36+CH36 -> 1937757 | BJ36: =BO36+BT36+BY36+CD36+CI36 -> 7681562 | BK36: 78469 | BL36: 67179 | BM36: 133737 | BN36: 113795 | BO36: 393180 | BP36: 1148686 | BQ36: 1259419 | BR36: 1209019 | BS36: 922859 | BT36: 4539983 | BU36: 377746 | BV36: 449114 | BW36: 595656 | BX36: 731383 | BY36: 2153899 | BZ36: 85145 | CA36: 76131 | CB36: 140200 | CC36: 142457 | CD36: 443933 | CE36: 33309 | CF36: 56686 | CG36: 33309 | CH36: 27263 | CI36: 150567
A37: HACIPUPU | B37: 潮流玩具 | C37: =H37+BF37 -> 3952268 | D37: =I37+BG37 -> 4787469 | E37: =J37+BH37 -> 4716414 | F37: =K37+BI37 -> 3681482 | G37: =L37+BJ37 -> 17137633 | H37: =M37+R37+W37+AB37+AG37+AL37+AQ37+AV37+BA37 -> 3872293 | I37: =N37+S37+X37+AC37+AH37+AM37+AR37+AW37+BB37 -> 4705212 | J37: =O37+T37+Y37+AD37+AI37+AN37+AS37+AX37+BC37 -> 4511949 | K37: =P37+U37+Z37+AE37+AJ37+AO37+AT37+AY37+BD37 -> 3390158 | L37: =Q37+V37+AA37+AF37+AK37+AP37+AU37+AZ37+BE37 -> 16479612 | M37: 320516 | N37: 413104 | O37: 525888 | P37: 361698 | Q37: 1621206 | R37: 365193 | S37: 204734 | T37: 404988 | U37: 431020 | V37: 1405935 | W37: 61545 | X37: 450816 | Y37: 386999 | Z37: 457515 | AA37: 1356875 | AB37: 123277 | AC37: 540088 | AD37: 825717 | AE37: 636138 | AF37: 2125220 | AG37: 2491310 | AH37: 1799721 | AI37: 1083579 | AJ37: 619661 | AK37: 5994271 | AL37: 14378 | AM37: 121027 | AN37: 97418 | AO37: 68287 | AP37: 301110 | AQ37: 314926 | AR37: 827184 | AS37: 860251 | AT37: 519645 | AU37: 2522006 | AV37: 10789 | AW37: 12749 | AX37: 24853 | AY37: 13647 | AZ37: 62038 | BA37: 170359 | BB37: 335789 | BC37: 302256 | BD37: 282547 | BE37: 1090951 | BF37: =BK37+BP37+BU37+BZ37+CE37 -> 79975 | BG37: =BL37+BQ37+BV37+CA37+CF37 -> 82257 | BH37: =BM37+BR37+BW37+CB37+CG37 -> 204465 | BI37: =BN37+BS37+BX37+CC37+CH37 -> 291324 | BJ37: =BO37+BT37+BY37+CD37+CI37 -> 658021 | BK37: 6040 | BL37: 7439 | BM37: 44098 | BN37: 28544 | BO37: 86121 | BP37: 29265 | BQ37: 27716 | BR37: 29633 | BS37: 93583 | BT37: 180197 | BU37: 24311 | BV37: 28993 | BW37: 118305 | BX37: 153631 | BY37: 325240 | BZ37: 5904 | CA37: 8994 | CB37: 6110 | CC37: 3818 | CD37: 24826 | CE37: 14455 | CF37: 9115 | CG37: 6319 | CH37: 11748 | CI37: 41637
B38: 潮流周边 | C38: =H38+BF38 -> 2014912 | D38: =I38+BG38 -> 1573275 | E38: =J38+BH38 -> 935625 | F38: =K38+BI38 -> 493342 | G38: =L38+BJ38 -> 5017154 | H38: =M38+R38+W38+AB38+AG38+AL38+AQ38+AV38+BA38 -> 1994890 | I38: =N38+S38+X38+AC38+AH38+AM38+AR38+AW38+BB38 -> 1560263 | J38: =O38+T38+Y38+AD38+AI38+AN38+AS38+AX38+BC38 -> 858849 | K38: =P38+U38+Z38+AE38+AJ38+AO38+AT38+AY38+BD38 -> 433987 | L38: =Q38+V38+AA38+AF38+AK38+AP38+AU38+AZ38+BE38 -> 4847989 | M38: 152758 | N38: 154074 | O38: 84478 | P38: 56904 | Q38: 448214 | R38: 124923 | S38: 38063 | T38: 31903 | U38: 10819 | V38: 205708 | W38: 120413 | X38: 414783 | Y38: 299504 | Z38: 56598 | AA38: 891298 | AB38: 58589 | AC38: 209672 | AD38: 16545 | AE38: 50821 | AF38: 335627 | AG38: 1256103 | AH38: 516643 | AI38: 204167 | AJ38: 132217 | AK38: 2109130 | AL38: 89692 | AM38: 20444 | AN38: 21136 | AO38: 21036 | AP38: 152308 | AQ38: 186360 | AR38: 98803 | AS38: 113817 | AT38: 71963 | AU38: 470943 | AV38: 636 | AW38: 1168 | AX38: 4390 | AY38: 1583 | AZ38: 7777 | BA38: 5416 | BB38: 106613 | BC38: 82909 | BD38: 32046 | BE38: 226984 | BF38: =BK38+BP38+BU38+BZ38+CE38 -> 20022 | BG38: =BL38+BQ38+BV38+CA38+CF38 -> 13012 | BH38: =BM38+BR38+BW38+CB38+CG38 -> 76776 | BI38: =BN38+BS38+BX38+CC38+CH38 -> 59355 | BJ38: =BO38+BT38+BY38+CD38+CI38 -> 169165 | BK38: 171 | BL38: 198 | BM38: 5912 | BN38: 712 | BO38: 6993 | BP38: 4689 | BQ38: 4484 | BR38: 16611 | BS38: 24573 | BT38: 50357 | BU38: 9429 | BV38: 4887 | BW38: 53659 | BX38: 27946 | BY38: 95921 | BZ38: 1662 | CA38: 572 | CD38: 2234 | CE38: 4071 | CF38: 2871 | CG38: 594 | CH38: 6124 | CI38: 13660
B39: 毛绒玩具 | C39: =H39+BF39 -> 1636887 | D39: =I39+BG39 -> 1470666 | E39: =J39+BH39 -> 985803 | F39: =K39+BI39 -> 2014129 | G39: =L39+BJ39 -> 6107485 | H39: =M39+R39+W39+AB39+AG39+AL39+AQ39+AV39+BA39 -> 1427334 | I39: =N39+S39+X39+AC39+AH39+AM39+AR39+AW39+BB39 -> 1322178 | J39: =O39+T39+Y39+AD39+AI39+AN39+AS39+AX39+BC39 -> 885477 | K39: =P39+U39+Z39+AE39+AJ39+AO39+AT39+AY39+BD39 -> 1902694 | L39: =Q39+V39+AA39+AF39+AK39+AP39+AU39+AZ39+BE39 -> 5537683 | M39: 1242 | N39: 7452 | P39: 22632 | Q39: 31326 | W39: 252609 | X39: 156078 | Y39: 165117 | Z39: 824964 | AA39: 1398768 | AB39: 2760 | AC39: 1725 | AD39: 146142 | AE39: 461265 | AF39: 611892 | AG39: 994980 | AH39: 870780 | AI39: 433251 | AJ39: 452019 | AK39: 2751030 | AL39: 5796 | AM39: 6624 | AN39: 21114 | AO39: 58581 | AP39: 92115 | AQ39: 24633 | AR39: 30498 | AS39: 89148 | AT39: 79093 | AU39: 223372 | AV39: 4968 | AW39: 7659 | AX39: 1518 | AZ39: 14145 | BA39: 140346 | BB39: 241362 | BC39: 29187 | BD39: 4140 | BE39: 415035 | BF39: =BK39+BP39+BU39+BZ39+CE39 -> 209553 | BG39: =BL39+BQ39+BV39+CA39+CF39 -> 148488 | BH39: =BM39+BR39+BW39+CB39+CG39 -> 100326 | BI39: =BN39+BS39+BX39+CC39+CH39 -> 111435 | BJ39: =BO39+BT39+BY39+CD39+CI39 -> 569802 | BL39: 8211 | BM39: 8901 | BN39: 11592 | BO39: 28704 | BP39: 34707 | BQ39: 34086 | BR39: 26220 | BS39: 23391 | BT39: 118404 | BU39: 122337 | BV39: 67068 | BW39: 37122 | BX39: 37950 | BY39: 264477 | BZ39: 31395 | CA39: 18492 | CB39: 1725 | CC39: 19665 | CD39: 71277 | CE39: 21114 | CF39: 20631 | CG39: 26358 | CH39: 18837 | CI39: 86940
B40: 收藏玩具 | C40: =H40+BF40 -> 0 | D40: =I40+BG40 -> 2040 | E40: =J40+BH40 -> 0 | F40: =K40+BI40 -> 6800 | G40: =L40+BJ40 -> 8840 | H40: =M40+R40+W40+AB40+AG40+AL40+AQ40+AV40+BA40 -> 0 | I40: =N40+S40+X40+AC40+AH40+AM40+AR40+AW40+BB40 -> 2040 | J40: =O40+T40+Y40+AD40+AI40+AN40+AS40+AX40+BC40 -> 0 | K40: =P40+U40+Z40+AE40+AJ40+AO40+AT40+AY40+BD40 -> 6800 | L40: =Q40+V40+AA40+AF40+AK40+AP40+AU40+AZ40+BE40 -> 8840 | AM40: 2040 | AO40: 1360 | AP40: 3400 | AT40: 5440 | AU40: 5440 | BF40: =BK40+BP40+BU40+BZ40+CE40 -> 0 | BG40: =BL40+BQ40+BV40+CA40+CF40 -> 0 | BH40: =BM40+BR40+BW40+CB40+CG40 -> 0 | BI40: =BN40+BS40+BX40+CC40+CH40 -> 0 | BJ40: =BO40+BT40+BY40+CD40+CI40 -> 0
A41: HACIPUPU 汇总 | C41: =H41+BF41 -> 7604067 | D41: =I41+BG41 -> 7833450 | E41: =J41+BH41 -> 6637842 | F41: =K41+BI41 -> 6195753 | G41: =L41+BJ41 -> 28271112 | H41: =M41+R41+W41+AB41+AG41+AL41+AQ41+AV41+BA41 -> 7294517 | I41: =N41+S41+X41+AC41+AH41+AM41+AR41+AW41+BB41 -> 7589693 | J41: =O41+T41+Y41+AD41+AI41+AN41+AS41+AX41+BC41 -> 6256275 | K41: =P41+U41+Z41+AE41+AJ41+AO41+AT41+AY41+BD41 -> 5733639 | L41: =Q41+V41+AA41+AF41+AK41+AP41+AU41+AZ41+BE41 -> 26874124 | M41: 474516 | N41: 574630 | O41: 610366 | P41: 441234 | Q41: 2100746 | R41: 490116 | S41: 242797 | T41: 436891 | U41: 441839 | V41: 1611643 | W41: 434567 | X41: 1021677 | Y41: 851620 | Z41: 1339077 | AA41: 3646941 | AB41: 184626 | AC41: 751485 | AD41: 988404 | AE41: 1148224 | AF41: 3072739 | AG41: 4742393 | AH41: 3187144 | AI41: 1720997 | AJ41: 1203897 | AK41: 10854431 | AL41: 109866 | AM41: 150135 | AN41: 139668 | AO41: 149264 | AP41: 548933 | AQ41: 525919 | AR41: 956485 | AS41: 1063216 | AT41: 676141 | AU41: 3221761 | AV41: 16393 | AW41: 21576 | AX41: 30761 | AY41: 15230 | AZ41: 83960 | BA41: 316121 | BB41: 683764 | BC41: 414352 | BD41: 318733 | BE41: 1732970 | BF41: =BK41+BP41+BU41+BZ41+CE41 -> 309550 | BG41: =BL41+BQ41+BV41+CA41+CF41 -> 243757 | BH41: =BM41+BR41+BW41+CB41+CG41 -> 381567 | BI41: =BN41+BS41+BX41+CC41+CH41 -> 462114 | BJ41: =BO41+BT41+BY41+CD41+CI41 -> 1396988 | BK41: 6211 | BL41: 15848 | BM41: 58911 | BN41: 40848 | BO41: 121818 | BP41: 68661 | BQ41: 66286 | BR41: 72464 | BS41: 141547 | BT41: 348958 | BU41: 156077 | BV41: 100948 | BW41: 209086 | BX41: 219527 | BY41: 685638 | BZ41: 38961 | CA41: 28058 | CB41: 7835 | CC41: 23483 | CD41: 98337 | CE41: 39640 | CF41: 32617 | CG41: 33271 | CH41: 36709 | CI41: 142237
A42: MIX IP | B42: 潮流玩具 | C42: =H42+BF42 -> 9269460 | D42: =I42+BG42 -> 3622211 | E42: =J42+BH42 -> 2681399 | F42: =K42+BI42 -> 3200125 | G42: =L42+BJ42 -> 18773195 | H42: =M42+R42+W42+AB42+AG42+AL42+AQ42+AV42+BA42 -> 8796543 | I42: =N42+S42+X42+AC42+AH42+AM42+AR42+AW42+BB42 -> 3232698 | J42: =O42+T42+Y42+AD42+AI42+AN42+AS42+AX42+BC42 -> 2361726 | K42: =P42+U42+Z42+AE42+AJ42+AO42+AT42+AY42+BD42 -> 2947615 | L42: =Q42+V42+AA42+AF42+AK42+AP42+AU42+AZ42+BE42 -> 17338582 | M42: 1246662 | N42: 539437 | O42: 398583 | P42: 371021 | Q42: 2555703 | R42: 89941 | S42: 66637 | T42: 52300 | U42: 235226 | V42: 444104 | W42: 768902 | X42: 305198 | Y42: 170474 | Z42: 152076 | AA42: 1396650 | AB42: 675396 | AC42: 126205 | AD42: 364209 | AE42: 211042 | AF42: 1376852 | AG42: 3695638 | AH42: 1049666 | AI42: 664978 | AJ42: 1387398 | AK42: 6797680 | AL42: 313807 | AM42: 185642 | AN42: 169331 | AO42: 154179 | AP42: 822959 | AQ42: 1278176 | AR42: 506162 | AS42: 289112 | AT42: 190815 | AU42: 2264265 | AV42: 109378 | AW42: 94467 | AX42: 51262 | AY42: 38552 | AZ42: 293659 | BA42: 618643 | BB42: 359284 | BC42: 201477 | BD42: 207306 | BE42: 1386710 | BF42: =BK42+BP42+BU42+BZ42+CE42 -> 472917 | BG42: =BL42+BQ42+BV42+CA42+CF42 -> 389513 | BH42: =BM42+BR42+BW42+CB42+CG42 -> 319673 | BI42: =BN42+BS42+BX42+CC42+CH42 -> 252510 | BJ42: =BO42+BT42+BY42+CD42+CI42 -> 1434613 | BK42: 30879 | BL42: 34495 | BM42: 39888 | BN42: 24265 | BO42: 129527 | BP42: 263343 | BQ42: 148346 | BR42: 105026 | BS42: 66960 | BT42: 583675 | BU42: 130559 | BV42: 154442 | BW42: 124313 | BX42: 132668 | BY42: 541982 | BZ42: 29757 | CA42: 32587 | CB42: 24317 | CC42: 16956 | CD42: 103617 | CE42: 18379 | CF42: 19643 | CG42: 26129 | CH42: 11661 | CI42: 75812
B43: 潮流周边 | C43: =H43+BF43 -> 848526 | D43: =I43+BG43 -> 253850 | E43: =J43+BH43 -> 90654 | F43: =K43+BI43 -> 1875669 | G43: =L43+BJ43 -> 3068699 | H43: =M43+R43+W43+AB43+AG43+AL43+AQ43+AV43+BA43 -> 812208 | I43: =N43+S43+X43+AC43+AH43+AM43+AR43+AW43+BB43 -> 236896 | J43: =O43+T43+Y43+AD43+AI43+AN43+AS43+AX43+BC43 -> 78572 | K43: =P43+U43+Z43+AE43+AJ43+AO43+AT43+AY43+BD43 -> 1856143 | L43: =Q43+V43+AA43+AF43+AK43+AP43+AU43+AZ43+BE43 -> 2983819 | M43: 9496 | N43: 2182 | O43: 2396 | P43: 18433 | Q43: 32507 | R43: 6129 | S43: 4174 | T43: 3183 | U43: 140073 | V43: 153559 | W43: 66557 | X43: 17081 | Y43: 9160 | Z43: 188339 | AA43: 281137 | AB43: 230748 | AC43: 77268 | AD43: 9696 | AE43: 28639 | AF43: 346351 | AG43: 254151 | AH43: 63216 | AI43: 28029 | AJ43: 1180991 | AK43: 1526387 | AL43: 18226 | AM43: 14321 | AN43: 11996 | AO43: 64502 | AP43: 109045 | AQ43: 107411 | AR43: 23001 | AS43: 6009 | AT43: 225190 | AU43: 361611 | AV43: 13903 | AW43: 5017 | AX43: 1201 | AY43: 1535 | AZ43: 21656 | BA43: 105587 | BB43: 30636 | BC43: 6902 | BD43: 8441 | BE43: 151566 | BF43: =BK43+BP43+BU43+BZ43+CE43 -> 36318 | BG43: =BL43+BQ43+BV43+CA43+CF43 -> 16954 | BH43: =BM43+BR43+BW43+CB43+CG43 -> 12082 | BI43: =BN43+BS43+BX43+CC43+CH43 -> 19526 | BJ43: =BO43+BT43+BY43+CD43+CI43 -> 84880 | BQ43: 14615 | BR43: 8374 | BS43: 5056 | BT43: 28045 | BU43: 36318 | BV43: 2339 | BW43: 3708 | BX43: 14470 | BY43: 56835
A44: MIX IP 汇总 | C44: =H44+BF44 -> 10117986 | D44: =I44+BG44 -> 3876061 | E44: =J44+BH44 -> 2772053 | F44: =K44+BI44 -> 5075794 | G44: =L44+BJ44 -> 21841894 | H44: =M44+R44+W44+AB44+AG44+AL44+AQ44+AV44+BA44 -> 9608751 | I44: =N44+S44+X44+AC44+AH44+AM44+AR44+AW44+BB44 -> 3469594 | J44: =O44+T44+Y44+AD44+AI44+AN44+AS44+AX44+BC44 -> 2440298 | K44: =P44+U44+Z44+AE44+AJ44+AO44+AT44+AY44+BD44 -> 4803758 | L44: =Q44+V44+AA44+AF44+AK44+AP44+AU44+AZ44+BE44 -> 20322401 | M44: 1256158 | N44: 541619 | O44: 400979 | P44: 389454 | Q44: 2588210 | R44: 96070 | S44: 70811 | T44: 55483 | U44: 375299 | V44: 597663 | W44: 835459 | X44: 322279 | Y44: 179634 | Z44: 340415 | AA44: 1677787 | AB44: 906144 | AC44: 203473 | AD44: 373905 | AE44: 239681 | AF44: 1723203 | AG44: 3949789 | AH44: 1112882 | AI44: 693007 | AJ44: 2568389 | AK44: 8324067 | AL44: 332033 | AM44: 199963 | AN44: 181327 | AO44: 218681 | AP44: 932004 | AQ44: 1385587 | AR44: 529163 | AS44: 295121 | AT44: 416005 | AU44: 2625876 | AV44: 123281 | AW44: 99484 | AX44: 52463 | AY44: 40087 | AZ44: 315315 | BA44: 724230 | BB44: 389920 | BC44: 208379 | BD44: 215747 | BE44: 1538276 | BF44: =BK44+BP44+BU44+BZ44+CE44 -> 509235 | BG44: =BL44+BQ44+BV44+CA44+CF44 -> 406467 | BH44: =BM44+BR44+BW44+CB44+CG44 -> 331755 | BI44: =BN44+BS44+BX44+CC44+CH44 -> 272036 | BJ44: =BO44+BT44+BY44+CD44+CI44 -> 1519493 | BK44: 30879 | BL44: 34495 | BM44: 39888 | BN44: 24265 | BO44: 129527 | BP44: 263343 | BQ44: 162961 | BR44: 113400 | BS44: 72016 | BT44: 611720 | BU44: 166877 | BV44: 156781 | BW44: 128021 | BX44: 147138 | BY44: 598817 | BZ44: 29757 | CA44: 32587 | CB44: 24317 | CC44: 16956 | CD44: 103617 | CE44: 18379 | CF44: 19643 | CG44: 26129 | CH44: 11661 | CI44: 75812
A45: 星星人 | B45: 潮流玩具 | C45: =H45+BF45 -> 1483983 | D45: =I45+BG45 -> 1228821 | E45: =J45+BH45 -> 1111245 | F45: =K45+BI45 -> 2919459 | G45: =L45+BJ45 -> 6743508 | H45: =M45+R45+W45+AB45+AG45+AL45+AQ45+AV45+BA45 -> 1446723 | I45: =N45+S45+X45+AC45+AH45+AM45+AR45+AW45+BB45 -> 1168860 | J45: =O45+T45+Y45+AD45+AI45+AN45+AS45+AX45+BC45 -> 1046523 | K45: =P45+U45+Z45+AE45+AJ45+AO45+AT45+AY45+BD45 -> 2852460 | L45: =Q45+V45+AA45+AF45+AK45+AP45+AU45+AZ45+BE45 -> 6514566 | M45: 46644 | N45: 60513 | O45: 47679 | P45: 114609 | Q45: 269445 | R45: 61479 | S45: 44091 | T45: 49335 | U45: 126408 | V45: 281313 | W45: 82800 | X45: 58719 | Y45: 31809 | Z45: 66654 | AA45: 239982 | AB45: 79557 | AC45: 115713 | AD45: 185334 | AE45: 571182 | AF45: 951786 | AG45: 766038 | AH45: 466785 | AI45: 315330 | AJ45: 1083921 | AK45: 2632074 | AL45: 53820 | AM45: 65274 | AN45: 75417 | AO45: 128340 | AP45: 322851 | AQ45: 203412 | AR45: 193545 | AS45: 163599 | AT45: 570975 | AU45: 1131531 | AV45: 20148 | AW45: 11178 | AX45: 18354 | AY45: 21252 | AZ45: 70932 | BA45: 132825 | BB45: 153042 | BC45: 159666 | BD45: 169119 | BE45: 614652 | BF45: =BK45+BP45+BU45+BZ45+CE45 -> 37260 | BG45: =BL45+BQ45+BV45+CA45+CF45 -> 59961 | BH45: =BM45+BR45+BW45+CB45+CG45 -> 64722 | BI45: =BN45+BS45+BX45+CC45+CH45 -> 66999 | BJ45: =BO45+BT45+BY45+CD45+CI45 -> 228942 | BK45: 3105 | BL45: 1725 | BM45: 1656 | BN45: 2760 | BO45: 9246 | BP45: 7728 | BQ45: 10212 | BR45: 8763 | BS45: 13041 | BT45: 39744 | BU45: 13041 | BV45: 39537 | BW45: 50232 | BX45: 42987 | BY45: 145797 | BZ45: 3726 | CA45: 3312 | CB45: 2967 | CC45: 1932 | CD45: 11937 | CE45: 9660 | CF45: 5175 | CG45: 1104 | CH45: 6279 | CI45: 22218
B46: 潮流周边 | C46: =H46+BF46 -> 1166841 | D46: =I46+BG46 -> 442992 | E46: =J46+BH46 -> 363306 | F46: =K46+BI46 -> 1527628 | G46: =L46+BJ46 -> 3500767 | H46: =M46+R46+W46+AB46+AG46+AL46+AQ46+AV46+BA46 -> 1149852 | I46: =N46+S46+X46+AC46+AH46+AM46+AR46+AW46+BB46 -> 433132 | J46: =O46+T46+Y46+AD46+AI46+AN46+AS46+AX46+BC46 -> 357701 | K46: =P46+U46+Z46+AE46+AJ46+AO46+AT46+AY46+BD46 -> 1524713 | L46: =Q46+V46+AA46+AF46+AK46+AP46+AU46+AZ46+BE46 -> 3465398 | M46: 2327 | N46: 11481 | O46: 3269 | P46: 7396 | Q46: 24473 | R46: 11903 | S46: 10737 | T46: 14922 | U46: 35968 | V46: 73530 | W46: 189890 | X46: 171029 | Y46: 66456 | Z46: 58489 | AA46: 485864 | AC46: 2079 | AD46: 11936 | AE46: 278 | AF46: 14293 | AG46: 820693 | AH46: 158595 | AI46: 127305 | AJ46: 1300457 | AK46: 2407050 | AL46: 70320 | AM46: 36925 | AN46: 25590 | AO46: 49716 | AP46: 182551 | AQ46: 25137 | AR46: 19747 | AS46: 58273 | AT46: 45352 | AU46: 148509 | AV46: 6105 | AW46: 1078 | AX46: 3132 | AY46: 1376 | AZ46: 11691 | BA46: 23477 | BB46: 21461 | BC46: 46818 | BD46: 25681 | BE46: 117437 | BF46: =BK46+BP46+BU46+BZ46+CE46 -> 16989 | BG46: =BL46+BQ46+BV46+CA46+CF46 -> 9860 | BH46: =BM46+BR46+BW46+CB46+CG46 -> 5605 | BI46: =BN46+BS46+BX46+CC46+CH46 -> 2915 | BJ46: =BO46+BT46+BY46+CD46+CI46 -> 35369 | BK46: 147 | BL46: 1140 | BO46: 1287 | BP46: 7126 | BQ46: 6482 | BR46: 4278 | BS46: 2327 | BT46: 20213 | BU46: 8834 | BV46: 1880 | BW46: 1148 | BX46: 588 | BY46: 12450 | CA46: 358 | CB46: 179 | CD46: 537 | CE46: 882 | CI46: 882
B47: 毛绒玩具 | C47: =H47+BF47 -> 2562365 | D47: =I47+BG47 -> 1764307 | E47: =J47+BH47 -> 1300735 | F47: =K47+BI47 -> 3197736 | G47: =L47+BJ47 -> 8825143 | H47: =M47+R47+W47+AB47+AG47+AL47+AQ47+AV47+BA47 -> 2535031 | I47: =N47+S47+X47+AC47+AH47+AM47+AR47+AW47+BB47 -> 1710508 | J47: =O47+T47+Y47+AD47+AI47+AN47+AS47+AX47+BC47 -> 1234849 | K47: =P47+U47+Z47+AE47+AJ47+AO47+AT47+AY47+BD47 -> 3123002 | L47: =Q47+V47+AA47+AF47+AK47+AP47+AU47+AZ47+BE47 -> 8603390 | M47: 15879 | N47: 9243 | O47: 25912 | P47: 178373 | Q47: 229407 | R47: 72048 | S47: 54589 | T47: 63516 | U47: 145131 | V47: 335284 | W47: 308021 | X47: 232418 | Y47: 121344 | Z47: 88480 | AA47: 750263 | AC47: 271681 | AD47: 162424 | AE47: 274889 | AF47: 708994 | AG47: 1733576 | AH47: 728538 | AI47: 437344 | AJ47: 1607912 | AK47: 4507370 | AL47: 95669 | AM47: 101594 | AN47: 60830 | AO47: 165173 | AP47: 423266 | AQ47: 134458 | AR47: 185650 | AS47: 227125 | AT47: 519817 | AU47: 1067050 | AV47: 18407 | AW47: 6478 | AX47: 395 | AZ47: 25280 | BA47: 156973 | BB47: 120317 | BC47: 135959 | BD47: 143227 | BE47: 556476 | BF47: =BK47+BP47+BU47+BZ47+CE47 -> 27334 | BG47: =BL47+BQ47+BV47+CA47+CF47 -> 53799 | BH47: =BM47+BR47+BW47+CB47+CG47 -> 65886 | BI47: =BN47+BS47+BX47+CC47+CH47 -> 74734 | BJ47: =BO47+BT47+BY47+CD47+CI47 -> 221753 | BK47: 2133 | BL47: 5056 | BM47: 6478 | BN47: 8453 | BO47: 22120 | BP47: 12324 | BQ47: 16827 | BR47: 16274 | BS47: 12640 | BT47: 58065 | BU47: 2607 | BV47: 29072 | BW47: 37920 | BX47: 45741 | BY47: 115340 | BZ47: 4582 | CA47: 2844 | CB47: 2923 | CC47: 5135 | CD47: 15484 | CE47: 5688 | CG47: 2291 | CH47: 2765 | CI47: 10744
A48: 星星人 汇总 | C48: =H48+BF48 -> 5213189 | D48: =I48+BG48 -> 3436120 | E48: =J48+BH48 -> 2775286 | F48: =K48+BI48 -> 7644823 | G48: =L48+BJ48 -> 19069418 | H48: =M48+R48+W48+AB48+AG48+AL48+AQ48+AV48+BA48 -> 5131606 | I48: =N48+S48+X48+AC48+AH48+AM48+AR48+AW48+BB48 -> 3312500 | J48: =O48+T48+Y48+AD48+AI48+AN48+AS48+AX48+BC48 -> 2639073 | K48: =P48+U48+Z48+AE48+AJ48+AO48+AT48+AY48+BD48 -> 7500175 | L48: =Q48+V48+AA48+AF48+AK48+AP48+AU48+AZ48+BE48 -> 18583354 | M48: 64850 | N48: 81237 | O48: 76860 | P48: 300378 | Q48: 523325 | R48: 145430 | S48: 109417 | T48: 127773 | U48: 307507 | V48: 690127 | W48: 580711 | X48: 462166 | Y48: 219609 | Z48: 213623 | AA48: 1476109 | AB48: 79557 | AC48: 389473 | AD48: 359694 | AE48: 846349 | AF48: 1675073 | AG48: 3320307 | AH48: 1353918 | AI48: 879979 | AJ48: 3992290 | AK48: 9546494 | AL48: 219809 | AM48: 203793 | AN48: 161837 | AO48: 343229 | AP48: 928668 | AQ48: 363007 | AR48: 398942 | AS48: 448997 | AT48: 1136144 | AU48: 2347090 | AV48: 44660 | AW48: 18734 | AX48: 21881 | AY48: 22628 | AZ48: 107903 | BA48: 313275 | BB48: 294820 | BC48: 342443 | BD48: 338027 | BE48: 1288565 | BF48: =BK48+BP48+BU48+BZ48+CE48 -> 81583 | BG48: =BL48+BQ48+BV48+CA48+CF48 -> 123620 | BH48: =BM48+BR48+BW48+CB48+CG48 -> 136213 | BI48: =BN48+BS48+BX48+CC48+CH48 -> 144648 | BJ48: =BO48+BT48+BY48+CD48+CI48 -> 486064 | BK48: 5385 | BL48: 7921 | BM48: 8134 | BN48: 11213 | BO48: 32653 | BP48: 27178 | BQ48: 33521 | BR48: 29315 | BS48: 28008 | BT48: 118022 | BU48: 24482 | BV48: 70489 | BW48: 89300 | BX48: 89316 | BY48: 273587 | BZ48: 8308 | CA48: 6514 | CB48: 6069 | CC48: 7067 | CD48: 27958 | CE48: 16230 | CF48: 5175 | CG48: 3395 | CH48: 9044 | CI48: 33844
A49: PUCKY | B49: 潮流玩具 | C49: =H49+BF49 -> 1469696 | D49: =I49+BG49 -> 1216111 | E49: =J49+BH49 -> 1114377 | F49: =K49+BI49 -> 1013422 | G49: =L49+BJ49 -> 4813606 | H49: =M49+R49+W49+AB49+AG49+AL49+AQ49+AV49+BA49 -> 1201188 | I49: =N49+S49+X49+AC49+AH49+AM49+AR49+AW49+BB49 -> 962707 | J49: =O49+T49+Y49+AD49+AI49+AN49+AS49+AX49+BC49 -> 868642 | K49: =P49+U49+Z49+AE49+AJ49+AO49+AT49+AY49+BD49 -> 863156 | L49: =Q49+V49+AA49+AF49+AK49+AP49+AU49+AZ49+BE49 -> 3895693 | M49: 169583 | N49: 111031 | O49: 88833 | P49: 76259 | Q49: 445706 | R49: 79456 | S49: 32354 | T49: 50045 | U49: 28167 | V49: 190022 | W49: 71611 | X49: 49288 | Y49: 42776 | Z49: 54620 | AA49: 218295 | AB49: 136311 | AC49: 189672 | AD49: 146507 | AE49: 288367 | AF49: 760857 | AG49: 233355 | AH49: 163338 | AI49: 132520 | AJ49: 104519 | AK49: 633732 | AL49: 21488 | AM49: 24757 | AN49: 23376 | AO49: 21470 | AP49: 91091 | AQ49: 115254 | AR49: 94458 | AS49: 82287 | AT49: 70531 | AU49: 362530 | AV49: 36869 | AW49: 20401 | AX49: 23351 | AY49: 15529 | AZ49: 96150 | BA49: 337261 | BB49: 277408 | BC49: 278947 | BD49: 203694 | BE49: 1097310 | BF49: =BK49+BP49+BU49+BZ49+CE49 -> 268508 | BG49: =BL49+BQ49+BV49+CA49+CF49 -> 253404 | BH49: =BM49+BR49+BW49+CB49+CG49 -> 245735 | BI49: =BN49+BS49+BX49+CC49+CH49 -> 150266 | BJ49: =BO49+BT49+BY49+CD49+CI49 -> 917913 | BK49: 8203 | BL49: 10212 | BM49: 6693 | BN49: 6255 | BO49: 31363 | BP49: 90249 | BQ49: 65014 | BR49: 63854 | BS49: 24096 | BT49: 243213 | BU49: 119242 | BV49: 133883 | BW49: 127044 | BX49: 81809 | BY49: 461978 | BZ49: 38259 | CA49: 37740 | CB49: 39156 | CC49: 29160 | CD49: 144315 | CE49: 12555 | CF49: 6555 | CG49: 8988 | CH49: 8946 | CI49: 37044
B50: 潮流周边 | C50: =H50+BF50 -> 33217 | D50: =I50+BG50 -> 21203 | E50: =J50+BH50 -> 24565 | F50: =K50+BI50 -> 19110 | G50: =L50+BJ50 -> 98095 | H50: =M50+R50+W50+AB50+AG50+AL50+AQ50+AV50+BA50 -> 20818 | I50: =N50+S50+X50+AC50+AH50+AM50+AR50+AW50+BB50 -> 14992 | J50: =O50+T50+Y50+AD50+AI50+AN50+AS50+AX50+BC50 -> 14103 | K50: =P50+U50+Z50+AE50+AJ50+AO50+AT50+AY50+BD50 -> 11250 | L50: =Q50+V50+AA50+AF50+AK50+AP50+AU50+AZ50+BE50 -> 61163 | M50: 1485 | N50: 1085 | O50: 196 | P50: 333 | Q50: 3099 | R50: 490 | S50: 931 | T50: 49 | U50: 539 | V50: 2009 | AB50: 3450 | AC50: 1330 | AD50: 940 | AE50: 49 | AF50: 5769 | AG50: 1323 | AH50: 784 | AI50: 196 | AK50: 2303 | AL50: 312 | AM50: 78 | AP50: 390 | AQ50: 2556 | AR50: 1289 | AS50: 2021 | AT50: 199 | AU50: 6065 | AV50: 2671 | AW50: 2866 | AX50: 2610 | AY50: 2460 | AZ50: 10607 | BA50: 8531 | BB50: 6629 | BC50: 8091 | BD50: 7670 | BE50: 30921 | BF50: =BK50+BP50+BU50+BZ50+CE50 -> 12399 | BG50: =BL50+BQ50+BV50+CA50+CF50 -> 6211 | BH50: =BM50+BR50+BW50+CB50+CG50 -> 10462 | BI50: =BN50+BS50+BX50+CC50+CH50 -> 7860 | BJ50: =BO50+BT50+BY50+CD50+CI50 -> 36932 | BK50: 871 | BL50: 444 | BM50: 277 | BN50: 198 | BO50: 1790 | BP50: 2130 | BQ50: 1323 | BR50: 2124 | BS50: 891 | BT50: 6468 | BU50: 8903 | BV50: 4246 | BW50: 7764 | BX50: 6573 | BY50: 27486 | BZ50: 495 | CA50: 198 | CB50: 297 | CC50: 198 | CD50: 1188
B51: 毛绒玩具 | C51: =H51+BF51 -> 2138004 | D51: =I51+BG51 -> 1612215 | E51: =J51+BH51 -> 2157311 | F51: =K51+BI51 -> 3305757 | G51: =L51+BJ51 -> 9213287 | H51: =M51+R51+W51+AB51+AG51+AL51+AQ51+AV51+BA51 -> 1983267 | I51: =N51+S51+X51+AC51+AH51+AM51+AR51+AW51+BB51 -> 1396395 | J51: =O51+T51+Y51+AD51+AI51+AN51+AS51+AX51+BC51 -> 1825746 | K51: =P51+U51+Z51+AE51+AJ51+AO51+AT51+AY51+BD51 -> 2829216 | L51: =Q51+V51+AA51+AF51+AK51+AP51+AU51+AZ51+BE51 -> 8034624 | M51: 141174 | N51: 144441 | O51: 146882 | P51: 255169 | Q51: 687666 | R51: 9999 | S51: 5247 | T51: 112895 | U51: 310183 | V51: 438324 | W51: 248589 | X51: 277695 | Y51: 565622 | Z51: 393459 | AA51: 1485365 | AB51: 184338 | AC51: 232650 | AD51: 195902 | AE51: 181466 | AF51: 794356 | AG51: 1132461 | AH51: 378873 | AI51: 561157 | AJ51: 802999 | AK51: 2875490 | AL51: 64548 | AM51: 28908 | AN51: 61139 | AO51: 90159 | AP51: 244754 | AQ51: 60885 | AR51: 37422 | AS51: 134629 | AT51: 344261 | AU51: 577197 | AV51: 4851 | AY51: 15281 | AZ51: 20132 | BA51: 136422 | BB51: 291159 | BC51: 47520 | BD51: 436239 | BE51: 911340 | BF51: =BK51+BP51+BU51+BZ51+CE51 -> 154737 | BG51: =BL51+BQ51+BV51+CA51+CF51 -> 215820 | BH51: =BM51+BR51+BW51+CB51+CG51 -> 331565 | BI51: =BN51+BS51+BX51+CC51+CH51 -> 476541 | BJ51: =BO51+BT51+BY51+CD51+CI51 -> 1178663 | BK51: 18414 | BL51: 5544 | BM51: 29115 | BN51: 30444 | BO51: 83517 | BP51: 28611 | BQ51: 35937 | BR51: 37026 | BS51: 34155 | BT51: 135729 | BU51: 74151 | BV51: 140976 | BW51: 226417 | BX51: 341625 | BY51: 783169 | BZ51: 29403 | CA51: 8613 | CB51: 24174 | CC51: 38635 | CD51: 100825 | CE51: 4158 | CF51: 24750 | CG51: 14833 | CH51: 31682 | CI51: 75423
A52: PUCKY 汇总 | C52: =H52+BF52 -> 3640917 | D52: =I52+BG52 -> 2849529 | E52: =J52+BH52 -> 3296253 | F52: =K52+BI52 -> 4338289 | G52: =L52+BJ52 -> 14124988 | H52: =M52+R52+W52+AB52+AG52+AL52+AQ52+AV52+BA52 -> 3205273 | I52: =N52+S52+X52+AC52+AH52+AM52+AR52+AW52+BB52 -> 2374094 | J52: =O52+T52+Y52+AD52+AI52+AN52+AS52+AX52+BC52 -> 2708491 | K52: =P52+U52+Z52+AE52+AJ52+AO52+AT52+AY52+BD52 -> 3703622 | L52: =Q52+V52+AA52+AF52+AK52+AP52+AU52+AZ52+BE52 -> 11991480 | M52: 312242 | N52: 256557 | O52: 235911 | P52: 331761 | Q52: 1136471 | R52: 89945 | S52: 38532 | T52: 162989 | U52: 338889 | V52: 630355 | W52: 320200 | X52: 326983 | Y52: 608398 | Z52: 448079 | AA52: 1703660 | AB52: 324099 | AC52: 423652 | AD52: 343349 | AE52: 469882 | AF52: 1560982 | AG52: 1367139 | AH52: 542995 | AI52: 693873 | AJ52: 907518 | AK52: 3511525 | AL52: 86348 | AM52: 53743 | AN52: 84515 | AO52: 111629 | AP52: 336235 | AQ52: 178695 | AR52: 133169 | AS52: 218937 | AT52: 414991 | AU52: 945792 | AV52: 44391 | AW52: 23267 | AX52: 25961 | AY52: 33270 | AZ52: 126889 | BA52: 482214 | BB52: 575196 | BC52: 334558 | BD52: 647603 | BE52: 2039571 | BF52: =BK52+BP52+BU52+BZ52+CE52 -> 435644 | BG52: =BL52+BQ52+BV52+CA52+CF52 -> 475435 | BH52: =BM52+BR52+BW52+CB52+CG52 -> 587762 | BI52: =BN52+BS52+BX52+CC52+CH52 -> 634667 | BJ52: =BO52+BT52+BY52+CD52+CI52 -> 2133508 | BK52: 27488 | BL52: 16200 | BM52: 36085 | BN52: 36897 | BO52: 116670 | BP52: 120990 | BQ52: 102274 | BR52: 103004 | BS52: 59142 | BT52: 385410 | BU52: 202296 | BV52: 279105 | BW52: 361225 | BX52: 430007 | BY52: 1272633 | BZ52: 68157 | CA52: 46551 | CB52: 63627 | CC52: 67993 | CD52: 246328 | CE52: 16713 | CF52: 31305 | CG52: 23821 | CH52: 40628 | CI52: 112467
A53: 叛桃 | B53: 潮流玩具 | C53: =H53+BF53 -> 1512266 | D53: =I53+BG53 -> 1952165 | E53: =J53+BH53 -> 2386886 | F53: =K53+BI53 -> 2099935 | G53: =L53+BJ53 -> 7951252 | H53: =M53+R53+W53+AB53+AG53+AL53+AQ53+AV53+BA53 -> 1039146 | I53: =N53+S53+X53+AC53+AH53+AM53+AR53+AW53+BB53 -> 1347426 | J53: =O53+T53+Y53+AD53+AI53+AN53+AS53+AX53+BC53 -> 1712095 | K53: =P53+U53+Z53+AE53+AJ53+AO53+AT53+AY53+BD53 -> 1487441 | L53: =Q53+V53+AA53+AF53+AK53+AP53+AU53+AZ53+BE53 -> 5586108 | M53: 167097 | N53: 266069 | O53: 317436 | P53: 270715 | Q53: 1021317 | R53: 104059 | S53: 174659 | T53: 244951 | U53: 175950 | V53: 699619 | W53: 44184 | X53: 46598 | Y53: 70090 | Z53: 77476 | AA53: 238348 | AB53: 30363 | AC53: 202039 | AD53: 181541 | AE53: 116272 | AF53: 530215 | AG53: 112417 | AH53: 181616 | AI53: 174321 | AJ53: 152510 | AK53: 620864 | AL53: 15880 | AM53: 23265 | AN53: 38919 | AO53: 30042 | AP53: 108106 | AQ53: 40599 | AR53: 52581 | AS53: 89139 | AT53: 63086 | AU53: 245405 | AV53: 47685 | AW53: 21102 | AX53: 44152 | AY53: 53864 | AZ53: 166803 | BA53: 476862 | BB53: 379497 | BC53: 551546 | BD53: 547526 | BE53: 1955431 | BF53: =BK53+BP53+BU53+BZ53+CE53 -> 473120 | BG53: =BL53+BQ53+BV53+CA53+CF53 -> 604739 | BH53: =BM53+BR53+BW53+CB53+CG53 -> 674791 | BI53: =BN53+BS53+BX53+CC53+CH53 -> 612494 | BJ53: =BO53+BT53+BY53+CD53+CI53 -> 2365144 | BK53: 18080 | BL53: 27856 | BM53: 35198 | BN53: 22858 | BO53: 103992 | BP53: 161920 | BQ53: 215444 | BR53: 244829 | BS53: 170105 | BT53: 792298 | BU53: 216764 | BV53: 256461 | BW53: 312843 | BX53: 338922 | BY53: 1124990 | BZ53: 46089 | CA53: 52450 | CB53: 47963 | CC53: 36779 | CD53: 183281 | CE53: 30267 | CF53: 52528 | CG53: 33958 | CH53: 43830 | CI53: 160583
B54: 潮流周边 | C54: =H54+BF54 -> 114251 | D54: =I54+BG54 -> 289440 | E54: =J54+BH54 -> 540033 | F54: =K54+BI54 -> 467921 | G54: =L54+BJ54 -> 1411645 | H54: =M54+R54+W54+AB54+AG54+AL54+AQ54+AV54+BA54 -> 85580 | I54: =N54+S54+X54+AC54+AH54+AM54+AR54+AW54+BB54 -> 233493 | J54: =O54+T54+Y54+AD54+AI54+AN54+AS54+AX54+BC54 -> 478523 | K54: =P54+U54+Z54+AE54+AJ54+AO54+AT54+AY54+BD54 -> 346219 | L54: =Q54+V54+AA54+AF54+AK54+AP54+AU54+AZ54+BE54 -> 1143815 | M54: 2356 | N54: 25045 | O54: 50444 | P54: 28495 | Q54: 106340 | R54: 17220 | S54: 30522 | T54: 48621 | U54: 34944 | V54: 131307 | W54: 5234 | X54: 14982 | Y54: 49218 | Z54: 44843 | AA54: 114277 | AB54: 815 | AC54: 45110 | AD54: 74404 | AE54: 22584 | AF54: 142913 | AG54: 28850 | AH54: 93091 | AI54: 128841 | AJ54: 81494 | AK54: 332276 | AM54: 2300 | AN54: 4703 | AO54: 5661 | AP54: 12664 | AQ54: 569 | AR54: 1647 | AS54: 19789 | AT54: 14491 | AU54: 36496 | AX54: 9649 | AY54: 16477 | AZ54: 26126 | BA54: 30536 | BB54: 20796 | BC54: 92854 | BD54: 97230 | BE54: 241416 | BF54: =BK54+BP54+BU54+BZ54+CE54 -> 28671 | BG54: =BL54+BQ54+BV54+CA54+CF54 -> 55947 | BH54: =BM54+BR54+BW54+CB54+CG54 -> 61510 | BI54: =BN54+BS54+BX54+CC54+CH54 -> 121702 | BJ54: =BO54+BT54+BY54+CD54+CI54 -> 267830 | BK54: 413 | BL54: 2333 | BM54: 4310 | BN54: 3472 | BO54: 10528 | BP54: 5286 | BQ54: 9382 | BR54: 3444 | BS54: 21624 | BT54: 39736 | BU54: 22036 | BV54: 42617 | BW54: 45940 | BX54: 84759 | BY54: 195352 | BZ54: 936 | CA54: 1615 | CB54: 2376 | CC54: 3365 | CD54: 8292 | CG54: 5440 | CH54: 8482 | CI54: 13922
A55: 叛桃 汇总 | C55: =H55+BF55 -> 1626517 | D55: =I55+BG55 -> 2241605 | E55: =J55+BH55 -> 2926919 | F55: =K55+BI55 -> 2567856 | G55: =L55+BJ55 -> 9362897 | H55: =M55+R55+W55+AB55+AG55+AL55+AQ55+AV55+BA55 -> 1124726 | I55: =N55+S55+X55+AC55+AH55+AM55+AR55+AW55+BB55 -> 1580919 | J55: =O55+T55+Y55+AD55+AI55+AN55+AS55+AX55+BC55 -> 2190618 | K55: =P55+U55+Z55+AE55+AJ55+AO55+AT55+AY55+BD55 -> 1833660 | L55: =Q55+V55+AA55+AF55+AK55+AP55+AU55+AZ55+BE55 -> 6729923 | M55: 169453 | N55: 291114 | O55: 367880 | P55: 299210 | Q55: 1127657 | R55: 121279 | S55: 205181 | T55: 293572 | U55: 210894 | V55: 830926 | W55: 49418 | X55: 61580 | Y55: 119308 | Z55: 122319 | AA55: 352625 | AB55: 31178 | AC55: 247149 | AD55: 255945 | AE55: 138856 | AF55: 673128 | AG55: 141267 | AH55: 274707 | AI55: 303162 | AJ55: 234004 | AK55: 953140 | AL55: 15880 | AM55: 25565 | AN55: 43622 | AO55: 35703 | AP55: 120770 | AQ55: 41168 | AR55: 54228 | AS55: 108928 | AT55: 77577 | AU55: 281901 | AV55: 47685 | AW55: 21102 | AX55: 53801 | AY55: 70341 | AZ55: 192929 | BA55: 507398 | BB55: 400293 | BC55: 644400 | BD55: 644756 | BE55: 2196847 | BF55: =BK55+BP55+BU55+BZ55+CE55 -> 501791 | BG55: =BL55+BQ55+BV55+CA55+CF55 -> 660686 | BH55: =BM55+BR55+BW55+CB55+CG55 -> 736301 | BI55: =BN55+BS55+BX55+CC55+CH55 -> 734196 | BJ55: =BO55+BT55+BY55+CD55+CI55 -> 2632974 | BK55: 18493 | BL55: 30189 | BM55: 39508 | BN55: 26330 | BO55: 114520 | BP55: 167206 | BQ55: 224826 | BR55: 248273 | BS55: 191729 | BT55: 832034 | BU55: 238800 | BV55: 299078 | BW55: 358783 | BX55: 423681 | BY55: 1320342 | BZ55: 47025 | CA55: 54065 | CB55: 50339 | CC55: 40144 | CD55: 191573 | CE55: 30267 | CF55: 52528 | CG55: 39398 | CH55: 52312 | CI55: 174505
A56: 华纳 | B56: 潮流玩具 | C56: =H56+BF56 -> 2399450 | D56: =I56+BG56 -> 1899746 | E56: =J56+BH56 -> 1664498 | F56: =K56+BI56 -> 1221472 | G56: =L56+BJ56 -> 7185166 | H56: =M56+R56+W56+AB56+AG56+AL56+AQ56+AV56+BA56 -> 2121098 | I56: =N56+S56+X56+AC56+AH56+AM56+AR56+AW56+BB56 -> 1617632 | J56: =O56+T56+Y56+AD56+AI56+AN56+AS56+AX56+BC56 -> 1397763 | K56: =P56+U56+Z56+AE56+AJ56+AO56+AT56+AY56+BD56 -> 979806 | L56: =Q56+V56+AA56+AF56+AK56+AP56+AU56+AZ56+BE56 -> 6116299 | M56: 369647 | N56: 212609 | O56: 180047 | P56: 133638 | Q56: 895941 | R56: 114840 | S56: 84596 | T56: 38243 | U56: 34189 | V56: 271868 | W56: 143021 | X56: 101148 | Y56: 125649 | Z56: 104008 | AA56: 473826 | AB56: 402272 | AC56: 392404 | AD56: 294834 | AE56: 110411 | AF56: 1199921 | AG56: 479200 | AH56: 371355 | AI56: 294665 | AJ56: 142067 | AK56: 1287287 | AL56: 75621 | AM56: 65087 | AN56: 74427 | AO56: 80756 | AP56: 295891 | AQ56: 143147 | AR56: 81312 | AS56: 65453 | AT56: 53851 | AU56: 343763 | AV56: 34577 | AW56: 26879 | AX56: 34471 | AY56: 25371 | AZ56: 121298 | BA56: 358773 | BB56: 282242 | BC56: 289974 | BD56: 295515 | BE56: 1226504 | BF56: =BK56+BP56+BU56+BZ56+CE56 -> 278352 | BG56: =BL56+BQ56+BV56+CA56+CF56 -> 282114 | BH56: =BM56+BR56+BW56+CB56+CG56 -> 266735 | BI56: =BN56+BS56+BX56+CC56+CH56 -> 241666 | BJ56: =BO56+BT56+BY56+CD56+CI56 -> 1068867 | BK56: 39612 | BL56: 38004 | BM56: 47232 | BN56: 25618 | BO56: 150466 | BP56: 52274 | BQ56: 77385 | BR56: 37057 | BS56: 53074 | BT56: 219790 | BU56: 168349 | BV56: 154482 | BW56: 171213 | BX56: 152198 | BY56: 646242 | BZ56: 14391 | CA56: 7206 | CB56: 10060 | CC56: 6912 | CD56: 38569 | CE56: 3726 | CF56: 5037 | CG56: 1173 | CH56: 3864 | CI56: 13800
B57: 潮流周边 | C57: =H57+BF57 -> 8115 | D57: =I57+BG57 -> 6429 | E57: =J57+BH57 -> 7056 | F57: =K57+BI57 -> 7840 | G57: =L57+BJ57 -> 29440 | H57: =M57+R57+W57+AB57+AG57+AL57+AQ57+AV57+BA57 -> 8115 | I57: =N57+S57+X57+AC57+AH57+AM57+AR57+AW57+BB57 -> 6429 | J57: =O57+T57+Y57+AD57+AI57+AN57+AS57+AX57+BC57 -> 4606 | K57: =P57+U57+Z57+AE57+AJ57+AO57+AT57+AY57+BD57 -> 3283 | L57: =Q57+V57+AA57+AF57+AK57+AP57+AU57+AZ57+BE57 -> 22433 | M57: 2842 | N57: 4312 | O57: 3038 | P57: 1372 | Q57: 11564 | U57: 588 | V57: 588 | AB57: 177 | AC57: 59 | AF57: 236 | AG57: 5096 | AH57: 2058 | AI57: 1568 | AJ57: 1323 | AK57: 10045 | BF57: =BK57+BP57+BU57+BZ57+CE57 -> 0 | BG57: =BL57+BQ57+BV57+CA57+CF57 -> 0 | BH57: =BM57+BR57+BW57+CB57+CG57 -> 2450 | BI57: =BN57+BS57+BX57+CC57+CH57 -> 4557 | BJ57: =BO57+BT57+BY57+CD57+CI57 -> 7007 | BW57: 2450 | BX57: 3675 | BY57: 6125 | CC57: 882 | CD57: 882
B58: 毛绒玩具 | C58: =H58+BF58 -> 7182 | D58: =I58+BG58 -> 6384 | E58: =J58+BH58 -> 716052 | F58: =K58+BI58 -> 417484 | G58: =L58+BJ58 -> 1147102 | H58: =M58+R58+W58+AB58+AG58+AL58+AQ58+AV58+BA58 -> 1197 | I58: =N58+S58+X58+AC58+AH58+AM58+AR58+AW58+BB58 -> 399 | J58: =O58+T58+Y58+AD58+AI58+AN58+AS58+AX58+BC58 -> 691871 | K58: =P58+U58+Z58+AE58+AJ58+AO58+AT58+AY58+BD58 -> 358446 | L58: =Q58+V58+AA58+AF58+AK58+AP58+AU58+AZ58+BE58 -> 1051913 | M58: 399 | O58: 152724 | P58: 90068 | Q58: 243191 | R58: 798 | S58: 399 | T58: 173182 | U58: 5429 | V58: 179808 | Y58: 173817 | Z58: 73247 | AA58: 247064 | AD58: 64479 | AE58: 49751 | AF58: 114230 | AJ58: 82236 | AK58: 82236 | AN58: 11214 | AP58: 11214 | AS58: 37024 | AU58: 37024 | AX58: 8854 | AY58: 11036 | AZ58: 19890 | BC58: 70577 | BD58: 46679 | BE58: 117256 | BF58: =BK58+BP58+BU58+BZ58+CE58 -> 5985 | BG58: =BL58+BQ58+BV58+CA58+CF58 -> 5985 | BH58: =BM58+BR58+BW58+CB58+CG58 -> 24181 | BI58: =BN58+BS58+BX58+CC58+CH58 -> 59038 | BJ58: =BO58+BT58+BY58+CD58+CI58 -> 95189 | BK58: 798 | BL58: 399 | BM58: 1197 | BO58: 2394 | BR58: 12905 | BS58: 17355 | BT58: 30260 | BU58: 5187 | BV58: 5586 | BW58: 5985 | BX58: 33940 | BY58: 50698 | CC58: 7654 | CD58: 7654 | CG58: 4094 | CH58: 89 | CI58: 4183
A59: 华纳 汇总 | C59: =H59+BF59 -> 2414747 | D59: =I59+BG59 -> 1912559 | E59: =J59+BH59 -> 2387606 | F59: =K59+BI59 -> 1646796 | G59: =L59+BJ59 -> 8361708 | H59: =M59+R59+W59+AB59+AG59+AL59+AQ59+AV59+BA59 -> 2130410 | I59: =N59+S59+X59+AC59+AH59+AM59+AR59+AW59+BB59 -> 1624460 | J59: =O59+T59+Y59+AD59+AI59+AN59+AS59+AX59+BC59 -> 2094240 | K59: =P59+U59+Z59+AE59+AJ59+AO59+AT59+AY59+BD59 -> 1341535 | L59: =Q59+V59+AA59+AF59+AK59+AP59+AU59+AZ59+BE59 -> 7190645 | M59: 372888 | N59: 216921 | O59: 335809 | P59: 225078 | Q59: 1150696 | R59: 115638 | S59: 84995 | T59: 211425 | U59: 40206 | V59: 452264 | W59: 143021 | X59: 101148 | Y59: 299466 | Z59: 177255 | AA59: 720890 | AB59: 402449 | AC59: 392463 | AD59: 359313 | AE59: 160162 | AF59: 1314387 | AG59: 484296 | AH59: 373413 | AI59: 296233 | AJ59: 225626 | AK59: 1379568 | AL59: 75621 | AM59: 65087 | AN59: 85641 | AO59: 80756 | AP59: 307105 | AQ59: 143147 | AR59: 81312 | AS59: 102477 | AT59: 53851 | AU59: 380787 | AV59: 34577 | AW59: 26879 | AX59: 43325 | AY59: 36407 | AZ59: 141188 | BA59: 358773 | BB59: 282242 | BC59: 360551 | BD59: 342194 | BE59: 1343760 | BF59: =BK59+BP59+BU59+BZ59+CE59 -> 284337 | BG59: =BL59+BQ59+BV59+CA59+CF59 -> 288099 | BH59: =BM59+BR59+BW59+CB59+CG59 -> 293366 | BI59: =BN59+BS59+BX59+CC59+CH59 -> 305261 | BJ59: =BO59+BT59+BY59+CD59+CI59 -> 1171063 | BK59: 40410 | BL59: 38403 | BM59: 48429 | BN59: 25618 | BO59: 152860 | BP59: 52274 | BQ59: 77385 | BR59: 49962 | BS59: 70429 | BT59: 250050 | BU59: 173536 | BV59: 160068 | BW59: 179648 | BX59: 189813 | BY59: 703065 | BZ59: 14391 | CA59: 7206 | CB59: 10060 | CC59: 15448 | CD59: 47105 | CE59: 3726 | CF59: 5037 | CG59: 5267 | CH59: 3953 | CI59: 17983
A60: Nyota | B60: 潮流玩具 | C60: =H60+BF60 -> 2227527 | D60: =I60+BG60 -> 1735350 | E60: =J60+BH60 -> 1666350 | F60: =K60+BI60 -> 1408842 | G60: =L60+BJ60 -> 7038069 | H60: =M60+R60+W60+AB60+AG60+AL60+AQ60+AV60+BA60 -> 1907988 | I60: =N60+S60+X60+AC60+AH60+AM60+AR60+AW60+BB60 -> 1446861 | J60: =O60+T60+Y60+AD60+AI60+AN60+AS60+AX60+BC60 -> 1231305 | K60: =P60+U60+Z60+AE60+AJ60+AO60+AT60+AY60+BD60 -> 966552 | L60: =Q60+V60+AA60+AF60+AK60+AP60+AU60+AZ60+BE60 -> 5552706 | M60: 165876 | N60: 145314 | O60: 107847 | P60: 93909 | Q60: 512946 | R60: 78384 | S60: 69345 | T60: 58926 | U60: 60030 | V60: 266685 | W60: 208104 | X60: 203619 | Y60: 140622 | Z60: 139242 | AA60: 691587 | AB60: 203205 | AC60: 64929 | AD60: 211899 | AE60: 146211 | AF60: 626244 | AG60: 932742 | AH60: 413586 | AI60: 266892 | AJ60: 174294 | AK60: 1787514 | AL60: 36846 | AM60: 68586 | AN60: 45471 | AO60: 22356 | AP60: 173259 | AQ60: 191061 | AR60: 121785 | AS60: 105087 | AT60: 96876 | AU60: 514809 | AV60: 207 | AW60: 34707 | AX60: 27117 | AY60: 21942 | AZ60: 83973 | BA60: 91563 | BB60: 324990 | BC60: 267444 | BD60: 211692 | BE60: 895689 | BF60: =BK60+BP60+BU60+BZ60+CE60 -> 319539 | BG60: =BL60+BQ60+BV60+CA60+CF60 -> 288489 | BH60: =BM60+BR60+BW60+CB60+CG60 -> 435045 | BI60: =BN60+BS60+BX60+CC60+CH60 -> 442290 | BJ60: =BO60+BT60+BY60+CD60+CI60 -> 1485363 | BK60: 20148 | BL60: 17526 | BM60: 18078 | BN60: 11799 | BO60: 67551 | BP60: 39744 | BQ60: 89838 | BR60: 141036 | BS60: 132342 | BT60: 402960 | BU60: 211554 | BV60: 144831 | BW60: 219834 | BX60: 229287 | BY60: 805506 | BZ60: 29118 | CA60: 24564 | CB60: 34707 | CC60: 46506 | CD60: 134895 | CE60: 18975 | CF60: 11730 | CG60: 21390 | CH60: 22356 | CI60: 74451
A61: Nyota 汇总 | C61: =H61+BF61 -> 2227527 | D61: =I61+BG61 -> 1735350 | E61: =J61+BH61 -> 1666350 | F61: =K61+BI61 -> 1408842 | G61: =L61+BJ61 -> 7038069 | H61: =M61+R61+W61+AB61+AG61+AL61+AQ61+AV61+BA61 -> 1907988 | I61: =N61+S61+X61+AC61+AH61+AM61+AR61+AW61+BB61 -> 1446861 | J61: =O61+T61+Y61+AD61+AI61+AN61+AS61+AX61+BC61 -> 1231305 | K61: =P61+U61+Z61+AE61+AJ61+AO61+AT61+AY61+BD61 -> 966552 | L61: =Q61+V61+AA61+AF61+AK61+AP61+AU61+AZ61+BE61 -> 5552706 | M61: 165876 | N61: 145314 | O61: 107847 | P61: 93909 | Q61: 512946 | R61: 78384 | S61: 69345 | T61: 58926 | U61: 60030 | V61: 266685 | W61: 208104 | X61: 203619 | Y61: 140622 | Z61: 139242 | AA61: 691587 | AB61: 203205 | AC61: 64929 | AD61: 211899 | AE61: 146211 | AF61: 626244 | AG61: 932742 | AH61: 413586 | AI61: 266892 | AJ61: 174294 | AK61: 1787514 | AL61: 36846 | AM61: 68586 | AN61: 45471 | AO61: 22356 | AP61: 173259 | AQ61: 191061 | AR61: 121785 | AS61: 105087 | AT61: 96876 | AU61: 514809 | AV61: 207 | AW61: 34707 | AX61: 27117 | AY61: 21942 | AZ61: 83973 | BA61: 91563 | BB61: 324990 | BC61: 267444 | BD61: 211692 | BE61: 895689 | BF61: =BK61+BP61+BU61+BZ61+CE61 -> 319539 | BG61: =BL61+BQ61+BV61+CA61+CF61 -> 288489 | BH61: =BM61+BR61+BW61+CB61+CG61 -> 435045 | BI61: =BN61+BS61+BX61+CC61+CH61 -> 442290 | BJ61: =BO61+BT61+BY61+CD61+CI61 -> 1485363 | BK61: 20148 | BL61: 17526 | BM61: 18078 | BN61: 11799 | BO61: 67551 | BP61: 39744 | BQ61: 89838 | BR61: 141036 | BS61: 132342 | BT61: 402960 | BU61: 211554 | BV61: 144831 | BW61: 219834 | BX61: 229287 | BY61: 805506 | BZ61: 29118 | CA61: 24564 | CB61: 34707 | CC61: 46506 | CD61: 134895 | CE61: 18975 | CF61: 11730 | CG61: 21390 | CH61: 22356 | CI61: 74451
A62: 三丽鸥 | B62: 潮流玩具 | C62: =H62+BF62 -> 2085530 | D62: =I62+BG62 -> 1815405 | E62: =J62+BH62 -> 1582421 | F62: =K62+BI62 -> 1348717 | G62: =L62+BJ62 -> 6832073 | H62: =M62+R62+W62+AB62+AG62+AL62+AQ62+AV62+BA62 -> 1880034 | I62: =N62+S62+X62+AC62+AH62+AM62+AR62+AW62+BB62 -> 1590035 | J62: =O62+T62+Y62+AD62+AI62+AN62+AS62+AX62+BC62 -> 1356473 | K62: =P62+U62+Z62+AE62+AJ62+AO62+AT62+AY62+BD62 -> 1080298 | L62: =Q62+V62+AA62+AF62+AK62+AP62+AU62+AZ62+BE62 -> 5906840 | M62: 473512 | N62: 289713 | O62: 238536 | P62: 227134 | Q62: 1228895 | R62: 374751 | S62: 350962 | T62: 381372 | U62: 273033 | V62: 1380118 | W62: 51751 | X62: 43415 | Y62: 39105 | Z62: 28455 | AA62: 162726 | AB62: 182022 | AC62: 261672 | AD62: 158128 | AE62: 108754 | AF62: 710576 | AG62: 390605 | AH62: 270614 | AI62: 224353 | AJ62: 190525 | AK62: 1076097 | AL62: 46929 | AM62: 40053 | AN62: 30223 | AO62: 25714 | AP62: 142919 | AQ62: 100672 | AR62: 111643 | AS62: 74416 | AT62: 62724 | AU62: 349455 | AV62: 40981 | AW62: 27499 | AX62: 26932 | AY62: 20072 | AZ62: 115484 | BA62: 218811 | BB62: 194464 | BC62: 183408 | BD62: 143887 | BE62: 740570 | BF62: =BK62+BP62+BU62+BZ62+CE62 -> 205496 | BG62: =BL62+BQ62+BV62+CA62+CF62 -> 225370 | BH62: =BM62+BR62+BW62+CB62+CG62 -> 225948 | BI62: =BN62+BS62+BX62+CC62+CH62 -> 268419 | BJ62: =BO62+BT62+BY62+CD62+CI62 -> 925233 | BK62: 13798 | BL62: 8648 | BM62: 9381 | BN62: 12537 | BO62: 44364 | BP62: 73069 | BQ62: 93891 | BR62: 85191 | BS62: 95923 | BT62: 348074 | BU62: 93394 | BV62: 103082 | BW62: 113464 | BX62: 138576 | BY62: 448516 | BZ62: 18155 | CA62: 18510 | CB62: 14136 | CC62: 17430 | CD62: 68231 | CE62: 7080 | CF62: 1239 | CG62: 3776 | CH62: 3953 | CI62: 16048
A63: 三丽鸥 汇总 | C63: =H63+BF63 -> 2085530 | D63: =I63+BG63 -> 1815405 | E63: =J63+BH63 -> 1582421 | F63: =K63+BI63 -> 1348717 | G63: =L63+BJ63 -> 6832073 | H63: =M63+R63+W63+AB63+AG63+AL63+AQ63+AV63+BA63 -> 1880034 | I63: =N63+S63+X63+AC63+AH63+AM63+AR63+AW63+BB63 -> 1590035 | J63: =O63+T63+Y63+AD63+AI63+AN63+AS63+AX63+BC63 -> 1356473 | K63: =P63+U63+Z63+AE63+AJ63+AO63+AT63+AY63+BD63 -> 1080298 | L63: =Q63+V63+AA63+AF63+AK63+AP63+AU63+AZ63+BE63 -> 5906840 | M63: 473512 | N63: 289713 | O63: 238536 | P63: 227134 | Q63: 1228895 | R63: 374751 | S63: 350962 | T63: 381372 | U63: 273033 | V63: 1380118 | W63: 51751 | X63: 43415 | Y63: 39105 | Z63: 28455 | AA63: 162726 | AB63: 182022 | AC63: 261672 | AD63: 158128 | AE63: 108754 | AF63: 710576 | AG63: 390605 | AH63: 270614 | AI63: 224353 | AJ63: 190525 | AK63: 1076097 | AL63: 46929 | AM63: 40053 | AN63: 30223 | AO63: 25714 | AP63: 142919 | AQ63: 100672 | AR63: 111643 | AS63: 74416 | AT63: 62724 | AU63: 349455 | AV63: 40981 | AW63: 27499 | AX63: 26932 | AY63: 20072 | AZ63: 115484 | BA63: 218811 | BB63: 194464 | BC63: 183408 | BD63: 143887 | BE63: 740570 | BF63: =BK63+BP63+BU63+BZ63+CE63 -> 205496 | BG63: =BL63+BQ63+BV63+CA63+CF63 -> 225370 | BH63: =BM63+BR63+BW63+CB63+CG63 -> 225948 | BI63: =BN63+BS63+BX63+CC63+CH63 -> 268419 | BJ63: =BO63+BT63+BY63+CD63+CI63 -> 925233 | BK63: 13798 | BL63: 8648 | BM63: 9381 | BN63: 12537 | BO63: 44364 | BP63: 73069 | BQ63: 93891 | BR63: 85191 | BS63: 95923 | BT63: 348074 | BU63: 93394 | BV63: 103082 | BW63: 113464 | BX63: 138576 | BY63: 448516 | BZ63: 18155 | CA63: 18510 | CB63: 14136 | CC63: 17430 | CD63: 68231 | CE63: 7080 | CF63: 1239 | CG63: 3776 | CH63: 3953 | CI63: 16048
A64: PINO JELLY | B64: 潮流玩具 | C64: =H64+BF64 -> 1468204 | D64: =I64+BG64 -> 1649308 | E64: =J64+BH64 -> 1419026 | F64: =K64+BI64 -> 1099321 | G64: =L64+BJ64 -> 5635859 | H64: =M64+R64+W64+AB64+AG64+AL64+AQ64+AV64+BA64 -> 1398713 | I64: =N64+S64+X64+AC64+AH64+AM64+AR64+AW64+BB64 -> 1582869 | J64: =O64+T64+Y64+AD64+AI64+AN64+AS64+AX64+BC64 -> 1337332 | K64: =P64+U64+Z64+AE64+AJ64+AO64+AT64+AY64+BD64 -> 1004665 | L64: =Q64+V64+AA64+AF64+AK64+AP64+AU64+AZ64+BE64 -> 5323579 | M64: 80704 | N64: 180325 | O64: 100894 | P64: 96203 | Q64: 458126 | R64: 454184 | S64: 641560 | T64: 429043 | U64: 301671 | V64: 1826458 | W64: 40347 | X64: 64140 | Y64: 42707 | Z64: 38233 | AA64: 185427 | AB64: 111456 | AC64: 150428 | AD64: 265261 | AE64: 132617 | AF64: 659762 | AG64: 303952 | AH64: 205210 | AI64: 159005 | AJ64: 143366 | AK64: 811533 | AL64: 18838 | AM64: 26006 | AN64: 28514 | AO64: 26065 | AP64: 99423 | AQ64: 261282 | AR64: 163683 | AS64: 125097 | AT64: 102424 | AU64: 652486 | AV64: 16370 | AW64: 13405 | AX64: 25611 | AY64: 16800 | AZ64: 72186 | BA64: 111580 | BB64: 138112 | BC64: 161200 | BD64: 147286 | BE64: 558178 | BF64: =BK64+BP64+BU64+BZ64+CE64 -> 69491 | BG64: =BL64+BQ64+BV64+CA64+CF64 -> 66439 | BH64: =BM64+BR64+BW64+CB64+CG64 -> 81694 | BI64: =BN64+BS64+BX64+CC64+CH64 -> 94656 | BJ64: =BO64+BT64+BY64+CD64+CI64 -> 312280 | BK64: 7122 | BL64: 1096 | BM64: 1013 | BN64: 1242 | BO64: 10473 | BP64: 22878 | BQ64: 21606 | BR64: 23667 | BS64: 22166 | BT64: 90317 | BU64: 31625 | BV64: 30105 | BW64: 48182 | BX64: 65253 | BY64: 175165 | BZ64: 2070 | CA64: 7698 | CB64: 5106 | CC64: 4339 | CD64: 19213 | CE64: 5796 | CF64: 5934 | CG64: 3726 | CH64: 1656 | CI64: 17112
B65: 潮流周边 | C65: =H65+BF65 -> 20552 | D65: =I65+BG65 -> 8562 | E65: =J65+BH65 -> 11088 | F65: =K65+BI65 -> 7116 | G65: =L65+BJ65 -> 47318 | H65: =M65+R65+W65+AB65+AG65+AL65+AQ65+AV65+BA65 -> 17403 | I65: =N65+S65+X65+AC65+AH65+AM65+AR65+AW65+BB65 -> 8023 | J65: =O65+T65+Y65+AD65+AI65+AN65+AS65+AX65+BC65 -> 9652 | K65: =P65+U65+Z65+AE65+AJ65+AO65+AT65+AY65+BD65 -> 5793 | L65: =Q65+V65+AA65+AF65+AK65+AP65+AU65+AZ65+BE65 -> 40871 | W65: 2156 | X65: 833 | Y65: 98 | Z65: 686 | AA65: 3773 | AB65: 343 | AC65: 637 | AF65: 980 | AG65: 11814 | AH65: 4117 | AI65: 3938 | AJ65: 3222 | AK65: 23091 | AQ65: 1764 | AR65: 1764 | AS65: 4719 | AT65: 1470 | AU65: 9717 | AV65: 444 | AW65: 147 | AX65: 554 | AY65: 49 | AZ65: 1194 | BA65: 882 | BB65: 525 | BC65: 343 | BD65: 366 | BE65: 2116 | BF65: =BK65+BP65+BU65+BZ65+CE65 -> 3149 | BG65: =BL65+BQ65+BV65+CA65+CF65 -> 539 | BH65: =BM65+BR65+BW65+CB65+CG65 -> 1436 | BI65: =BN65+BS65+BX65+CC65+CH65 -> 1323 | BJ65: =BO65+BT65+BY65+CD65+CI65 -> 6447 | BP65: 343 | BQ65: 147 | BR65: 375 | BS65: 98 | BT65: 963 | BU65: 686 | BV65: 196 | BW65: 147 | BX65: 1225 | BY65: 2254 | CE65: 2120 | CF65: 196 | CG65: 914 | CI65: 3230
A66: PINO JELLY 汇总 | C66: =H66+BF66 -> 1488756 | D66: =I66+BG66 -> 1657870 | E66: =J66+BH66 -> 1430114 | F66: =K66+BI66 -> 1106437 | G66: =L66+BJ66 -> 5683177 | H66: =M66+R66+W66+AB66+AG66+AL66+AQ66+AV66+BA66 -> 1416116 | I66: =N66+S66+X66+AC66+AH66+AM66+AR66+AW66+BB66 -> 1590892 | J66: =O66+T66+Y66+AD66+AI66+AN66+AS66+AX66+BC66 -> 1346984 | K66: =P66+U66+Z66+AE66+AJ66+AO66+AT66+AY66+BD66 -> 1010458 | L66: =Q66+V66+AA66+AF66+AK66+AP66+AU66+AZ66+BE66 -> 5364450 | M66: 80704 | N66: 180325 | O66: 100894 | P66: 96203 | Q66: 458126 | R66: 454184 | S66: 641560 | T66: 429043 | U66: 301671 | V66: 1826458 | W66: 42503 | X66: 64973 | Y66: 42805 | Z66: 38919 | AA66: 189200 | AB66: 111799 | AC66: 151065 | AD66: 265261 | AE66: 132617 | AF66: 660742 | AG66: 315766 | AH66: 209327 | AI66: 162943 | AJ66: 146588 | AK66: 834624 | AL66: 18838 | AM66: 26006 | AN66: 28514 | AO66: 26065 | AP66: 99423 | AQ66: 263046 | AR66: 165447 | AS66: 129816 | AT66: 103894 | AU66: 662203 | AV66: 16814 | AW66: 13552 | AX66: 26165 | AY66: 16849 | AZ66: 73380 | BA66: 112462 | BB66: 138637 | BC66: 161543 | BD66: 147652 | BE66: 560294 | BF66: =BK66+BP66+BU66+BZ66+CE66 -> 72640 | BG66: =BL66+BQ66+BV66+CA66+CF66 -> 66978 | BH66: =BM66+BR66+BW66+CB66+CG66 -> 83130 | BI66: =BN66+BS66+BX66+CC66+CH66 -> 95979 | BJ66: =BO66+BT66+BY66+CD66+CI66 -> 318727 | BK66: 7122 | BL66: 1096 | BM66: 1013 | BN66: 1242 | BO66: 10473 | BP66: 23221 | BQ66: 21753 | BR66: 24042 | BS66: 22264 | BT66: 91280 | BU66: 32311 | BV66: 30301 | BW66: 48329 | BX66: 66478 | BY66: 177419 | BZ66: 2070 | CA66: 7698 | CB66: 5106 | CC66: 4339 | CD66: 19213 | CE66: 7916 | CF66: 6130 | CG66: 4640 | CH66: 1656 | CI66: 20342
A67: 英雄联盟 | B67: 潮流玩具 | C67: =H67+BF67 -> 1566705 | D67: =I67+BG67 -> 1449147 | E67: =J67+BH67 -> 1259784 | F67: =K67+BI67 -> 1389930 | G67: =L67+BJ67 -> 5665566 | H67: =M67+R67+W67+AB67+AG67+AL67+AQ67+AV67+BA67 -> 1265016 | I67: =N67+S67+X67+AC67+AH67+AM67+AR67+AW67+BB67 -> 1097706 | J67: =O67+T67+Y67+AD67+AI67+AN67+AS67+AX67+BC67 -> 911442 | K67: =P67+U67+Z67+AE67+AJ67+AO67+AT67+AY67+BD67 -> 1026378 | L67: =Q67+V67+AA67+AF67+AK67+AP67+AU67+AZ67+BE67 -> 4300542 | M67: 324144 | N67: 210207 | O67: 147024 | P67: 131265 | Q67: 812640 | R67: 460110 | S67: 419934 | T67: 383880 | U67: 359613 | V67: 1623537 | W67: 20802 | X67: 19272 | Y67: 20010 | Z67: 19809 | AA67: 79893 | AB67: 86472 | AC67: 123384 | AD67: 90456 | AE67: 71787 | AF67: 372099 | AG67: 111249 | AH67: 72843 | AI67: 66159 | AJ67: 177213 | AK67: 427464 | AL67: 66609 | AM67: 58161 | AN67: 44199 | AO67: 44742 | AP67: 213711 | AQ67: 70041 | AR67: 49329 | AS67: 44268 | AT67: 49878 | AU67: 213516 | AV67: 7101 | AW67: 28428 | AX67: 2070 | AY67: 2553 | AZ67: 40152 | BA67: 118488 | BB67: 116148 | BC67: 113376 | BD67: 169518 | BE67: 517530 | BF67: =BK67+BP67+BU67+BZ67+CE67 -> 301689 | BG67: =BL67+BQ67+BV67+CA67+CF67 -> 351441 | BH67: =BM67+BR67+BW67+CB67+CG67 -> 348342 | BI67: =BN67+BS67+BX67+CC67+CH67 -> 363552 | BJ67: =BO67+BT67+BY67+CD67+CI67 -> 1365024 | BK67: 6894 | BL67: 16914 | BM67: 18483 | BN67: 28569 | BO67: 70860 | BP67: 170721 | BQ67: 155070 | BR67: 151452 | BS67: 154701 | BT67: 631944 | BU67: 82185 | BV67: 120141 | BW67: 135369 | BX67: 138693 | BY67: 476388 | BZ67: 24429 | CA67: 37956 | CB67: 25815 | CC67: 18780 | CD67: 106980 | CE67: 17460 | CF67: 21360 | CG67: 17223 | CH67: 22809 | CI67: 78852
A68: 英雄联盟 汇总 | C68: =H68+BF68 -> 1566705 | D68: =I68+BG68 -> 1449147 | E68: =J68+BH68 -> 1259784 | F68: =K68+BI68 -> 1389930 | G68: =L68+BJ68 -> 5665566 | H68: =M68+R68+W68+AB68+AG68+AL68+AQ68+AV68+BA68 -> 1265016 | I68: =N68+S68+X68+AC68+AH68+AM68+AR68+AW68+BB68 -> 1097706 | J68: =O68+T68+Y68+AD68+AI68+AN68+AS68+AX68+BC68 -> 911442 | K68: =P68+U68+Z68+AE68+AJ68+AO68+AT68+AY68+BD68 -> 1026378 | L68: =Q68+V68+AA68+AF68+AK68+AP68+AU68+AZ68+BE68 -> 4300542 | M68: 324144 | N68: 210207 | O68: 147024 | P68: 131265 | Q68: 812640 | R68: 460110 | S68: 419934 | T68: 383880 | U68: 359613 | V68: 1623537 | W68: 20802 | X68: 19272 | Y68: 20010 | Z68: 19809 | AA68: 79893 | AB68: 86472 | AC68: 123384 | AD68: 90456 | AE68: 71787 | AF68: 372099 | AG68: 111249 | AH68: 72843 | AI68: 66159 | AJ68: 177213 | AK68: 427464 | AL68: 66609 | AM68: 58161 | AN68: 44199 | AO68: 44742 | AP68: 213711 | AQ68: 70041 | AR68: 49329 | AS68: 44268 | AT68: 49878 | AU68: 213516 | AV68: 7101 | AW68: 28428 | AX68: 2070 | AY68: 2553 | AZ68: 40152 | BA68: 118488 | BB68: 116148 | BC68: 113376 | BD68: 169518 | BE68: 517530 | BF68: =BK68+BP68+BU68+BZ68+CE68 -> 301689 | BG68: =BL68+BQ68+BV68+CA68+CF68 -> 351441 | BH68: =BM68+BR68+BW68+CB68+CG68 -> 348342 | BI68: =BN68+BS68+BX68+CC68+CH68 -> 363552 | BJ68: =BO68+BT68+BY68+CD68+CI68 -> 1365024 | BK68: 6894 | BL68: 16914 | BM68: 18483 | BN68: 28569 | BO68: 70860 | BP68: 170721 | BQ68: 155070 | BR68: 151452 | BS68: 154701 | BT68: 631944 | BU68: 82185 | BV68: 120141 | BW68: 135369 | BX68: 138693 | BY68: 476388 | BZ68: 24429 | CA68: 37956 | CB68: 25815 | CC68: 18780 | CD68: 106980 | CE68: 17460 | CF68: 21360 | CG68: 17223 | CH68: 22809 | CI68: 78852
A69: AZURA | B69: 潮流玩具 | C69: =H69+BF69 -> 1706118 | D69: =I69+BG69 -> 1256698 | E69: =J69+BH69 -> 1096800 | F69: =K69+BI69 -> 1116635 | G69: =L69+BJ69 -> 5176251 | H69: =M69+R69+W69+AB69+AG69+AL69+AQ69+AV69+BA69 -> 1491924 | I69: =N69+S69+X69+AC69+AH69+AM69+AR69+AW69+BB69 -> 1054722 | J69: =O69+T69+Y69+AD69+AI69+AN69+AS69+AX69+BC69 -> 869876 | K69: =P69+U69+Z69+AE69+AJ69+AO69+AT69+AY69+BD69 -> 870284 | L69: =Q69+V69+AA69+AF69+AK69+AP69+AU69+AZ69+BE69 -> 4286806 | M69: 549109 | N69: 339446 | O69: 268602 | P69: 315086 | Q69: 1472243 | R69: 188591 | S69: 141571 | T69: 108676 | U69: 99345 | V69: 538183 | W69: 19442 | X69: 11040 | Y69: 7030 | Z69: 6831 | AA69: 44343 | AB69: 134916 | AC69: 132127 | AD69: 55675 | AE69: 5244 | AF69: 327962 | AG69: 231383 | AH69: 157609 | AI69: 126169 | AJ69: 104511 | AK69: 619672 | AL69: 31387 | AM69: 31870 | AN69: 39736 | AO69: 42971 | AP69: 145964 | AQ69: 110920 | AR69: 64576 | AS69: 62413 | AT69: 52923 | AU69: 290832 | AV69: 29386 | AW69: 16008 | AX69: 16138 | AY69: 25737 | AZ69: 87269 | BA69: 196790 | BB69: 160475 | BC69: 185437 | BD69: 217636 | BE69: 760338 | BF69: =BK69+BP69+BU69+BZ69+CE69 -> 214194 | BG69: =BL69+BQ69+BV69+CA69+CF69 -> 201976 | BH69: =BM69+BR69+BW69+CB69+CG69 -> 226924 | BI69: =BN69+BS69+BX69+CC69+CH69 -> 246351 | BJ69: =BO69+BT69+BY69+CD69+CI69 -> 889445 | BK69: 2752 | BL69: 1311 | BM69: 2553 | BN69: 414 | BO69: 7030 | BP69: 92794 | BQ69: 93126 | BR69: 98208 | BS69: 98715 | BT69: 382843 | BU69: 91961 | BV69: 80507 | BW69: 110861 | BX69: 137777 | BY69: 421106 | BZ69: 11783 | CA69: 10886 | CB69: 4883 | CC69: 6340 | CD69: 33892 | CE69: 14904 | CF69: 16146 | CG69: 10419 | CH69: 3105 | CI69: 44574
B70: 潮流周边 | C70: =H70+BF70 -> 0 | D70: =I70+BG70 -> 17464 | E70: =J70+BH70 -> 25075 | F70: =K70+BI70 -> 24485 | G70: =L70+BJ70 -> 67024 | H70: =M70+R70+W70+AB70+AG70+AL70+AQ70+AV70+BA70 -> 0 | I70: =N70+S70+X70+AC70+AH70+AM70+AR70+AW70+BB70 -> 17464 | J70: =O70+T70+Y70+AD70+AI70+AN70+AS70+AX70+BC70 -> 25075 | K70: =P70+U70+Z70+AE70+AJ70+AO70+AT70+AY70+BD70 -> 24485 | L70: =Q70+V70+AA70+AF70+AK70+AP70+AU70+AZ70+BE70 -> 67024 | N70: 17464 | O70: 25075 | P70: 24485 | Q70: 67024 | BF70: =BK70+BP70+BU70+BZ70+CE70 -> 0 | BG70: =BL70+BQ70+BV70+CA70+CF70 -> 0 | BH70: =BM70+BR70+BW70+CB70+CG70 -> 0 | BI70: =BN70+BS70+BX70+CC70+CH70 -> 0 | BJ70: =BO70+BT70+BY70+CD70+CI70 -> 0
A71: AZURA 汇总 | C71: =H71+BF71 -> 1706118 | D71: =I71+BG71 -> 1274162 | E71: =J71+BH71 -> 1121875 | F71: =K71+BI71 -> 1141120 | G71: =L71+BJ71 -> 5243275 | H71: =M71+R71+W71+AB71+AG71+AL71+AQ71+AV71+BA71 -> 1491924 | I71: =N71+S71+X71+AC71+AH71+AM71+AR71+AW71+BB71 -> 1072186 | J71: =O71+T71+Y71+AD71+AI71+AN71+AS71+AX71+BC71 -> 894951 | K71: =P71+U71+Z71+AE71+AJ71+AO71+AT71+AY71+BD71 -> 894769 | L71: =Q71+V71+AA71+AF71+AK71+AP71+AU71+AZ71+BE71 -> 4353830 | M71: 549109 | N71: 356910 | O71: 293677 | P71: 339571 | Q71: 1539267 | R71: 188591 | S71: 141571 | T71: 108676 | U71: 99345 | V71: 538183 | W71: 19442 | X71: 11040 | Y71: 7030 | Z71: 6831 | AA71: 44343 | AB71: 134916 | AC71: 132127 | AD71: 55675 | AE71: 5244 | AF71: 327962 | AG71: 231383 | AH71: 157609 | AI71: 126169 | AJ71: 104511 | AK71: 619672 | AL71: 31387 | AM71: 31870 | AN71: 39736 | AO71: 42971 | AP71: 145964 | AQ71: 110920 | AR71: 64576 | AS71: 62413 | AT71: 52923 | AU71: 290832 | AV71: 29386 | AW71: 16008 | AX71: 16138 | AY71: 25737 | AZ71: 87269 | BA71: 196790 | BB71: 160475 | BC71: 185437 | BD71: 217636 | BE71: 760338 | BF71: =BK71+BP71+BU71+BZ71+CE71 -> 214194 | BG71: =BL71+BQ71+BV71+CA71+CF71 -> 201976 | BH71: =BM71+BR71+BW71+CB71+CG71 -> 226924 | BI71: =BN71+BS71+BX71+CC71+CH71 -> 246351 | BJ71: =BO71+BT71+BY71+CD71+CI71 -> 889445 | BK71: 2752 | BL71: 1311 | BM71: 2553 | BN71: 414 | BO71: 7030 | BP71: 92794 | BQ71: 93126 | BR71: 98208 | BS71: 98715 | BT71: 382843 | BU71: 91961 | BV71: 80507 | BW71: 110861 | BX71: 137777 | BY71: 421106 | BZ71: 11783 | CA71: 10886 | CB71: 4883 | CC71: 6340 | CD71: 33892 | CE71: 14904 | CF71: 16146 | CG71: 10419 | CH71: 3105 | CI71: 44574
A72: 咒术回战 | B72: 潮流玩具 | C72: =H72+BF72 -> 1743423 | D72: =I72+BG72 -> 1293474 | E72: =J72+BH72 -> 1053906 | F72: =K72+BI72 -> 813027 | G72: =L72+BJ72 -> 4903830 | H72: =M72+R72+W72+AB72+AG72+AL72+AQ72+AV72+BA72 -> 1456383 | I72: =N72+S72+X72+AC72+AH72+AM72+AR72+AW72+BB72 -> 1050939 | J72: =O72+T72+Y72+AD72+AI72+AN72+AS72+AX72+BC72 -> 807507 | K72: =P72+U72+Z72+AE72+AJ72+AO72+AT72+AY72+BD72 -> 599541 | L72: =Q72+V72+AA72+AF72+AK72+AP72+AU72+AZ72+BE72 -> 3914370 | M72: 260613 | N72: 60099 | O72: 36708 | P72: 14283 | Q72: 371703 | R72: 288144 | S72: 256749 | T72: 212727 | U72: 186783 | V72: 944403 | W72: 41055 | X72: 35811 | Y72: 58029 | Z72: 11316 | AA72: 146211 | AB72: 111021 | AC72: 206310 | AD72: 184713 | AE72: 165738 | AF72: 667782 | AG72: 196719 | AH72: 143175 | AI72: 171741 | AJ72: 154215 | AK72: 665850 | AL72: 15939 | AM72: 10626 | AN72: 18423 | AO72: 16698 | AP72: 61686 | AQ72: 151386 | AR72: 107226 | AS72: 74520 | AT72: 49404 | AU72: 382536 | BA72: 391506 | BB72: 230943 | BC72: 50646 | BD72: 1104 | BE72: 674199 | BF72: =BK72+BP72+BU72+BZ72+CE72 -> 287040 | BG72: =BL72+BQ72+BV72+CA72+CF72 -> 242535 | BH72: =BM72+BR72+BW72+CB72+CG72 -> 246399 | BI72: =BN72+BS72+BX72+CC72+CH72 -> 213486 | BJ72: =BO72+BT72+BY72+CD72+CI72 -> 989460 | BK72: 5934 | BL72: 3174 | BO72: 9108 | BP72: 74865 | BQ72: 77694 | BR72: 76797 | BS72: 44850 | BT72: 274206 | BU72: 167394 | BV72: 161667 | BW72: 144348 | BX72: 164841 | BY72: 638250 | BZ72: 38847 | CB72: 25254 | CC72: 3795 | CD72: 67896
A73: 咒术回战 汇总 | C73: =H73+BF73 -> 1743423 | D73: =I73+BG73 -> 1293474 | E73: =J73+BH73 -> 1053906 | F73: =K73+BI73 -> 813027 | G73: =L73+BJ73 -> 4903830 | H73: =M73+R73+W73+AB73+AG73+AL73+AQ73+AV73+BA73 -> 1456383 | I73: =N73+S73+X73+AC73+AH73+AM73+AR73+AW73+BB73 -> 1050939 | J73: =O73+T73+Y73+AD73+AI73+AN73+AS73+AX73+BC73 -> 807507 | K73: =P73+U73+Z73+AE73+AJ73+AO73+AT73+AY73+BD73 -> 599541 | L73: =Q73+V73+AA73+AF73+AK73+AP73+AU73+AZ73+BE73 -> 3914370 | M73: 260613 | N73: 60099 | O73: 36708 | P73: 14283 | Q73: 371703 | R73: 288144 | S73: 256749 | T73: 212727 | U73: 186783 | V73: 944403 | W73: 41055 | X73: 35811 | Y73: 58029 | Z73: 11316 | AA73: 146211 | AB73: 111021 | AC73: 206310 | AD73: 184713 | AE73: 165738 | AF73: 667782 | AG73: 196719 | AH73: 143175 | AI73: 171741 | AJ73: 154215 | AK73: 665850 | AL73: 15939 | AM73: 10626 | AN73: 18423 | AO73: 16698 | AP73: 61686 | AQ73: 151386 | AR73: 107226 | AS73: 74520 | AT73: 49404 | AU73: 382536 | BA73: 391506 | BB73: 230943 | BC73: 50646 | BD73: 1104 | BE73: 674199 | BF73: =BK73+BP73+BU73+BZ73+CE73 -> 287040 | BG73: =BL73+BQ73+BV73+CA73+CF73 -> 242535 | BH73: =BM73+BR73+BW73+CB73+CG73 -> 246399 | BI73: =BN73+BS73+BX73+CC73+CH73 -> 213486 | BJ73: =BO73+BT73+BY73+CD73+CI73 -> 989460 | BK73: 5934 | BL73: 3174 | BO73: 9108 | BP73: 74865 | BQ73: 77694 | BR73: 76797 | BS73: 44850 | BT73: 274206 | BU73: 167394 | BV73: 161667 | BW73: 144348 | BX73: 164841 | BY73: 638250 | BZ73: 38847 | CB73: 25254 | CC73: 3795 | CD73: 67896
A74: 鬼灭之刃 | B74: 潮流玩具 | C74: =H74+BF74 -> 1151109 | D74: =I74+BG74 -> 962457 | E74: =J74+BH74 -> 1374837 | F74: =K74+BI74 -> 1129858 | G74: =L74+BJ74 -> 4618261 | H74: =M74+R74+W74+AB74+AG74+AL74+AQ74+AV74+BA74 -> 935913 | I74: =N74+S74+X74+AC74+AH74+AM74+AR74+AW74+BB74 -> 794898 | J74: =O74+T74+Y74+AD74+AI74+AN74+AS74+AX74+BC74 -> 1015466 | K74: =P74+U74+Z74+AE74+AJ74+AO74+AT74+AY74+BD74 -> 702073 | L74: =Q74+V74+AA74+AF74+AK74+AP74+AU74+AZ74+BE74 -> 3448350 | M74: 417041 | N74: 255565 | O74: 377778 | P74: 205558 | Q74: 1255942 | R74: 436791 | S74: 439003 | T74: 485376 | U74: 390655 | V74: 1751825 | AQ74: 82081 | AR74: 100330 | AS74: 152312 | AT74: 105860 | AU74: 440583 | BF74: =BK74+BP74+BU74+BZ74+CE74 -> 215196 | BG74: =BL74+BQ74+BV74+CA74+CF74 -> 167559 | BH74: =BM74+BR74+BW74+CB74+CG74 -> 359371 | BI74: =BN74+BS74+BX74+CC74+CH74 -> 427785 | BJ74: =BO74+BT74+BY74+CD74+CI74 -> 1169911 | BP74: 79237 | BQ74: 155472 | BR74: 207217 | BS74: 218593 | BT74: 660519 | BU74: 124978 | BV74: 790 | BW74: 152154 | BX74: 177039 | BY74: 454961 | CC74: 23858 | CD74: 23858 | CE74: 10981 | CF74: 11297 | CH74: 8295 | CI74: 30573
A75: 鬼灭之刃 汇总 | C75: =H75+BF75 -> 1151109 | D75: =I75+BG75 -> 962457 | E75: =J75+BH75 -> 1374837 | F75: =K75+BI75 -> 1129858 | G75: =L75+BJ75 -> 4618261 | H75: =M75+R75+W75+AB75+AG75+AL75+AQ75+AV75+BA75 -> 935913 | I75: =N75+S75+X75+AC75+AH75+AM75+AR75+AW75+BB75 -> 794898 | J75: =O75+T75+Y75+AD75+AI75+AN75+AS75+AX75+BC75 -> 1015466 | K75: =P75+U75+Z75+AE75+AJ75+AO75+AT75+AY75+BD75 -> 702073 | L75: =Q75+V75+AA75+AF75+AK75+AP75+AU75+AZ75+BE75 -> 3448350 | M75: 417041 | N75: 255565 | O75: 377778 | P75: 205558 | Q75: 1255942 | R75: 436791 | S75: 439003 | T75: 485376 | U75: 390655 | V75: 1751825 | AQ75: 82081 | AR75: 100330 | AS75: 152312 | AT75: 105860 | AU75: 440583 | BF75: =BK75+BP75+BU75+BZ75+CE75 -> 215196 | BG75: =BL75+BQ75+BV75+CA75+CF75 -> 167559 | BH75: =BM75+BR75+BW75+CB75+CG75 -> 359371 | BI75: =BN75+BS75+BX75+CC75+CH75 -> 427785 | BJ75: =BO75+BT75+BY75+CD75+CI75 -> 1169911 | BP75: 79237 | BQ75: 155472 | BR75: 207217 | BS75: 218593 | BT75: 660519 | BU75: 124978 | BV75: 790 | BW75: 152154 | BX75: 177039 | BY75: 454961 | CC75: 23858 | CD75: 23858 | CE75: 10981 | CF75: 11297 | CH75: 8295 | CI75: 30573
A76: ZSIGA | B76: 潮流玩具 | C76: =H76+BF76 -> 438482 | D76: =I76+BG76 -> 408792 | E76: =J76+BH76 -> 1286115 | F76: =K76+BI76 -> 1063510 | G76: =L76+BJ76 -> 3196899 | H76: =M76+R76+W76+AB76+AG76+AL76+AQ76+AV76+BA76 -> 399695 | I76: =N76+S76+X76+AC76+AH76+AM76+AR76+AW76+BB76 -> 366255 | J76: =O76+T76+Y76+AD76+AI76+AN76+AS76+AX76+BC76 -> 1208275 | K76: =P76+U76+Z76+AE76+AJ76+AO76+AT76+AY76+BD76 -> 967835 | L76: =Q76+V76+AA76+AF76+AK76+AP76+AU76+AZ76+BE76 -> 2942060 | M76: 79496 | N76: 58935 | O76: 182362 | P76: 128478 | Q76: 449271 | R76: 28680 | S76: 31233 | T76: 124968 | U76: 70823 | V76: 255704 | W76: 9641 | X76: 10610 | Y76: 43509 | Z76: 59820 | AA76: 123580 | AB76: 18082 | AC76: 44897 | AD76: 157835 | AE76: 114489 | AF76: 335303 | AG76: 106053 | AH76: 82593 | AI76: 412198 | AJ76: 291853 | AK76: 892697 | AL76: 7299 | AM76: 10080 | AN76: 21438 | AO76: 28448 | AP76: 67265 | AQ76: 51961 | AR76: 45348 | AS76: 115136 | AT76: 78463 | AU76: 290908 | AV76: 12090 | AW76: 11337 | AX76: 19110 | AY76: 30501 | AZ76: 73038 | BA76: 86393 | BB76: 71222 | BC76: 131719 | BD76: 164960 | BE76: 454294 | BF76: =BK76+BP76+BU76+BZ76+CE76 -> 38787 | BG76: =BL76+BQ76+BV76+CA76+CF76 -> 42537 | BH76: =BM76+BR76+BW76+CB76+CG76 -> 77840 | BI76: =BN76+BS76+BX76+CC76+CH76 -> 95675 | BJ76: =BO76+BT76+BY76+CD76+CI76 -> 254839 | BK76: 1449 | BL76: 2876 | BM76: 6093 | BN76: 6253 | BO76: 16671 | BP76: 14657 | BQ76: 14193 | BR76: 14605 | BS76: 18006 | BT76: 61461 | BU76: 20197 | BV76: 22178 | BW76: 49207 | BX76: 59233 | BY76: 150815 | BZ76: 2484 | CA76: 3290 | CB76: 5865 | CC76: 5567 | CD76: 17206 | CG76: 2070 | CH76: 6616 | CI76: 8686
B77: 潮流周边 | C77: =H77+BF77 -> 37819 | D77: =I77+BG77 -> 36424 | E77: =J77+BH77 -> 587085 | F77: =K77+BI77 -> 380454 | G77: =L77+BJ77 -> 1041782 | H77: =M77+R77+W77+AB77+AG77+AL77+AQ77+AV77+BA77 -> 33966 | I77: =N77+S77+X77+AC77+AH77+AM77+AR77+AW77+BB77 -> 33226 | J77: =O77+T77+Y77+AD77+AI77+AN77+AS77+AX77+BC77 -> 583590 | K77: =P77+U77+Z77+AE77+AJ77+AO77+AT77+AY77+BD77 -> 364609 | L77: =Q77+V77+AA77+AF77+AK77+AP77+AU77+AZ77+BE77 -> 1015391 | M77: 3306 | N77: 2090 | O77: 40836 | P77: 24757 | Q77: 70989 | R77: 156 | S77: 429 | T77: 15186 | U77: 11694 | V77: 27465 | W77: 8473 | X77: 7417 | Y77: 33995 | Z77: 45639 | AA77: 95524 | AB77: 429 | AC77: 3228 | AD77: 93219 | AE77: 37973 | AF77: 134849 | AG77: 8931 | AH77: 8346 | AI77: 313137 | AJ77: 156890 | AK77: 487304 | AL77: 195 | AM77: 468 | AN77: 22035 | AO77: 7461 | AP77: 30159 | AQ77: 1507 | AR77: 741 | AS77: 19048 | AT77: 9937 | AU77: 31233 | AV77: 274 | AW77: 215 | AX77: 7286 | AY77: 12348 | AZ77: 20123 | BA77: 10695 | BB77: 10292 | BC77: 38848 | BD77: 57910 | BE77: 117745 | BF77: =BK77+BP77+BU77+BZ77+CE77 -> 3853 | BG77: =BL77+BQ77+BV77+CA77+CF77 -> 3198 | BH77: =BM77+BR77+BW77+CB77+CG77 -> 3495 | BI77: =BN77+BS77+BX77+CC77+CH77 -> 15845 | BJ77: =BO77+BT77+BY77+CD77+CI77 -> 26391 | BP77: 1623 | BQ77: 1613 | BR77: 1367 | BS77: 4270 | BT77: 8873 | BU77: 2230 | BV77: 1585 | BW77: 2128 | BX77: 11575 | BY77: 17518
A78: ZSIGA 汇总 | C78: =H78+BF78 -> 476301 | D78: =I78+BG78 -> 445216 | E78: =J78+BH78 -> 1873200 | F78: =K78+BI78 -> 1443964 | G78: =L78+BJ78 -> 4238681 | H78: =M78+R78+W78+AB78+AG78+AL78+AQ78+AV78+BA78 -> 433661 | I78: =N78+S78+X78+AC78+AH78+AM78+AR78+AW78+BB78 -> 399481 | J78: =O78+T78+Y78+AD78+AI78+AN78+AS78+AX78+BC78 -> 1791865 | K78: =P78+U78+Z78+AE78+AJ78+AO78+AT78+AY78+BD78 -> 1332444 | L78: =Q78+V78+AA78+AF78+AK78+AP78+AU78+AZ78+BE78 -> 3957451 | M78: 82802 | N78: 61025 | O78: 223198 | P78: 153235 | Q78: 520260 | R78: 28836 | S78: 31662 | T78: 140154 | U78: 82517 | V78: 283169 | W78: 18114 | X78: 18027 | Y78: 77504 | Z78: 105459 | AA78: 219104 | AB78: 18511 | AC78: 48125 | AD78: 251054 | AE78: 152462 | AF78: 470152 | AG78: 114984 | AH78: 90939 | AI78: 725335 | AJ78: 448743 | AK78: 1380001 | AL78: 7494 | AM78: 10548 | AN78: 43473 | AO78: 35909 | AP78: 97424 | AQ78: 53468 | AR78: 46089 | AS78: 134184 | AT78: 88400 | AU78: 322141 | AV78: 12364 | AW78: 11552 | AX78: 26396 | AY78: 42849 | AZ78: 93161 | BA78: 97088 | BB78: 81514 | BC78: 170567 | BD78: 222870 | BE78: 572039 | BF78: =BK78+BP78+BU78+BZ78+CE78 -> 42640 | BG78: =BL78+BQ78+BV78+CA78+CF78 -> 45735 | BH78: =BM78+BR78+BW78+CB78+CG78 -> 81335 | BI78: =BN78+BS78+BX78+CC78+CH78 -> 111520 | BJ78: =BO78+BT78+BY78+CD78+CI78 -> 281230 | BK78: 1449 | BL78: 2876 | BM78: 6093 | BN78: 6253 | BO78: 16671 | BP78: 16280 | BQ78: 15806 | BR78: 15972 | BS78: 22276 | BT78: 70334 | BU78: 22427 | BV78: 23763 | BW78: 51335 | BX78: 70808 | BY78: 168333 | BZ78: 2484 | CA78: 3290 | CB78: 5865 | CC78: 5567 | CD78: 17206 | CG78: 2070 | CH78: 6616 | CI78: 8686
A79: KUBO | B79: 潮流玩具 | C79: =H79+BF79 -> 1131324 | D79: =I79+BG79 -> 1057269 | E79: =J79+BH79 -> 1044852 | F79: =K79+BI79 -> 910777 | G79: =L79+BJ79 -> 4144222 | H79: =M79+R79+W79+AB79+AG79+AL79+AQ79+AV79+BA79 -> 931086 | I79: =N79+S79+X79+AC79+AH79+AM79+AR79+AW79+BB79 -> 875204 | J79: =O79+T79+Y79+AD79+AI79+AN79+AS79+AX79+BC79 -> 896279 | K79: =P79+U79+Z79+AE79+AJ79+AO79+AT79+AY79+BD79 -> 725729 | L79: =Q79+V79+AA79+AF79+AK79+AP79+AU79+AZ79+BE79 -> 3428298 | M79: 98634 | N79: 112667 | O79: 125119 | P79: 68061 | Q79: 404481 | R79: 37950 | S79: 54640 | T79: 66715 | U79: 23083 | V79: 182388 | W79: 68481 | X79: 84940 | Y79: 35769 | Z79: 12012 | AA79: 201202 | AB79: 134664 | AC79: 83299 | AD79: 9108 | AE79: 5658 | AF79: 232729 | AG79: 326469 | AH79: 274887 | AI79: 245604 | AJ79: 217240 | AK79: 1064200 | AL79: 18203 | AM79: 23564 | AN79: 30504 | AO79: 33086 | AP79: 105357 | AQ79: 145681 | AR79: 145009 | AS79: 157453 | AT79: 101717 | AU79: 549860 | AV79: 16950 | AW79: 15735 | AX79: 24824 | AY79: 25920 | AZ79: 83429 | BA79: 84054 | BB79: 80463 | BC79: 201183 | BD79: 238952 | BE79: 604652 | BF79: =BK79+BP79+BU79+BZ79+CE79 -> 200238 | BG79: =BL79+BQ79+BV79+CA79+CF79 -> 182065 | BH79: =BM79+BR79+BW79+CB79+CG79 -> 148573 | BI79: =BN79+BS79+BX79+CC79+CH79 -> 185048 | BJ79: =BO79+BT79+BY79+CD79+CI79 -> 715924 | BK79: 6823 | BL79: 8970 | BM79: 9384 | BN79: 16974 | BO79: 42151 | BP79: 72758 | BQ79: 49797 | BR79: 25875 | BS79: 47143 | BT79: 195573 | BU79: 103354 | BV79: 88798 | BW79: 98893 | BX79: 93124 | BY79: 384169 | BZ79: 16613 | CA79: 25185 | CB79: 12627 | CC79: 17112 | CD79: 71537 | CE79: 690 | CF79: 9315 | CG79: 1794 | CH79: 10695 | CI79: 22494
B80: 潮流周边 | C80: =H80+BF80 -> 9772 | D80: =I80+BG80 -> 9671 | E80: =J80+BH80 -> 9999 | F80: =K80+BI80 -> 11642 | G80: =L80+BJ80 -> 41084 | H80: =M80+R80+W80+AB80+AG80+AL80+AQ80+AV80+BA80 -> 3665 | I80: =N80+S80+X80+AC80+AH80+AM80+AR80+AW80+BB80 -> 2948 | J80: =O80+T80+Y80+AD80+AI80+AN80+AS80+AX80+BC80 -> 1955 | K80: =P80+U80+Z80+AE80+AJ80+AO80+AT80+AY80+BD80 -> 3054 | L80: =Q80+V80+AA80+AF80+AK80+AP80+AU80+AZ80+BE80 -> 11622 | M80: 2427 | N80: 1888 | O80: 1416 | P80: 2680 | Q80: 8411 | W80: 49 | AA80: 49 | AB80: 227 | AC80: 245 | AE80: 98 | AF80: 570 | AM80: 129 | AN80: 245 | AP80: 374 | BA80: 962 | BB80: 686 | BC80: 294 | BD80: 276 | BE80: 2218 | BF80: =BK80+BP80+BU80+BZ80+CE80 -> 6107 | BG80: =BL80+BQ80+BV80+CA80+CF80 -> 6723 | BH80: =BM80+BR80+BW80+CB80+CG80 -> 8044 | BI80: =BN80+BS80+BX80+CC80+CH80 -> 8588 | BJ80: =BO80+BT80+BY80+CD80+CI80 -> 29462 | BK80: 1550 | BL80: 343 | BM80: 343 | BN80: 343 | BO80: 2579 | BP80: 784 | BQ80: 1421 | BR80: 1568 | BS80: 1519 | BT80: 5292 | BU80: 3185 | BV80: 4665 | BW80: 5643 | BX80: 5991 | BY80: 19484 | BZ80: 588 | CA80: 294 | CB80: 490 | CC80: 735 | CD80: 2107
A81: KUBO 汇总 | C81: =H81+BF81 -> 1141096 | D81: =I81+BG81 -> 1066940 | E81: =J81+BH81 -> 1054851 | F81: =K81+BI81 -> 922419 | G81: =L81+BJ81 -> 4185306 | H81: =M81+R81+W81+AB81+AG81+AL81+AQ81+AV81+BA81 -> 934751 | I81: =N81+S81+X81+AC81+AH81+AM81+AR81+AW81+BB81 -> 878152 | J81: =O81+T81+Y81+AD81+AI81+AN81+AS81+AX81+BC81 -> 898234 | K81: =P81+U81+Z81+AE81+AJ81+AO81+AT81+AY81+BD81 -> 728783 | L81: =Q81+V81+AA81+AF81+AK81+AP81+AU81+AZ81+BE81 -> 3439920 | M81: 101061 | N81: 114555 | O81: 126535 | P81: 70741 | Q81: 412892 | R81: 37950 | S81: 54640 | T81: 66715 | U81: 23083 | V81: 182388 | W81: 68530 | X81: 84940 | Y81: 35769 | Z81: 12012 | AA81: 201251 | AB81: 134891 | AC81: 83544 | AD81: 9108 | AE81: 5756 | AF81: 233299 | AG81: 326469 | AH81: 274887 | AI81: 245604 | AJ81: 217240 | AK81: 1064200 | AL81: 18203 | AM81: 23693 | AN81: 30749 | AO81: 33086 | AP81: 105731 | AQ81: 145681 | AR81: 145009 | AS81: 157453 | AT81: 101717 | AU81: 549860 | AV81: 16950 | AW81: 15735 | AX81: 24824 | AY81: 25920 | AZ81: 83429 | BA81: 85016 | BB81: 81149 | BC81: 201477 | BD81: 239228 | BE81: 606870 | BF81: =BK81+BP81+BU81+BZ81+CE81 -> 206345 | BG81: =BL81+BQ81+BV81+CA81+CF81 -> 188788 | BH81: =BM81+BR81+BW81+CB81+CG81 -> 156617 | BI81: =BN81+BS81+BX81+CC81+CH81 -> 193636 | BJ81: =BO81+BT81+BY81+CD81+CI81 -> 745386 | BK81: 8373 | BL81: 9313 | BM81: 9727 | BN81: 17317 | BO81: 44730 | BP81: 73542 | BQ81: 51218 | BR81: 27443 | BS81: 48662 | BT81: 200865 | BU81: 106539 | BV81: 93463 | BW81: 104536 | BX81: 99115 | BY81: 403653 | BZ81: 17201 | CA81: 25479 | CB81: 13117 | CC81: 17847 | CD81: 73644 | CE81: 690 | CF81: 9315 | CG81: 1794 | CH81: 10695 | CI81: 22494
A82: 火影忍者 | B82: 潮流玩具 | C82: =H82+BF82 -> 1036725 | D82: =I82+BG82 -> 1038214 | E82: =J82+BH82 -> 1066119 | F82: =K82+BI82 -> 869400 | G82: =L82+BJ82 -> 4010458 | H82: =M82+R82+W82+AB82+AG82+AL82+AQ82+AV82+BA82 -> 850287 | I82: =N82+S82+X82+AC82+AH82+AM82+AR82+AW82+BB82 -> 749932 | J82: =O82+T82+Y82+AD82+AI82+AN82+AS82+AX82+BC82 -> 755412 | K82: =P82+U82+Z82+AE82+AJ82+AO82+AT82+AY82+BD82 -> 539925 | L82: =Q82+V82+AA82+AF82+AK82+AP82+AU82+AZ82+BE82 -> 2895556 | R82: 328233 | S82: 282555 | T82: 280416 | U82: 230943 | V82: 1122147 | W82: 36432 | X82: 40503 | Y82: 44574 | Z82: 26082 | AA82: 147591 | AB82: 170844 | AC82: 131071 | AD82: 132066 | AE82: 14766 | AF82: 448747 | AG82: 242259 | AH82: 238602 | AI82: 249849 | AJ82: 196374 | AK82: 927084 | AL82: 20010 | AM82: 6831 | AO82: 1656 | AP82: 28497 | AQ82: 52509 | AR82: 50370 | AS82: 48507 | AT82: 70104 | AU82: 221490 | BF82: =BK82+BP82+BU82+BZ82+CE82 -> 186438 | BG82: =BL82+BQ82+BV82+CA82+CF82 -> 288282 | BH82: =BM82+BR82+BW82+CB82+CG82 -> 310707 | BI82: =BN82+BS82+BX82+CC82+CH82 -> 329475 | BJ82: =BO82+BT82+BY82+CD82+CI82 -> 1114902 | BK82: 1587 | BL82: 12834 | BM82: 24702 | BN82: 11937 | BO82: 51060 | BP82: 115230 | BQ82: 121716 | BR82: 119094 | BS82: 143520 | BT82: 499560 | BU82: 49128 | BV82: 122820 | BW82: 134964 | BX82: 140346 | BY82: 447258 | BZ82: 17043 | CA82: 29394 | CB82: 31947 | CC82: 33672 | CD82: 112056 | CE82: 3450 | CF82: 1518 | CI82: 4968
A83: 火影忍者 汇总 | C83: =H83+BF83 -> 1036725 | D83: =I83+BG83 -> 1038214 | E83: =J83+BH83 -> 1066119 | F83: =K83+BI83 -> 869400 | G83: =L83+BJ83 -> 4010458 | H83: =M83+R83+W83+AB83+AG83+AL83+AQ83+AV83+BA83 -> 850287 | I83: =N83+S83+X83+AC83+AH83+AM83+AR83+AW83+BB83 -> 749932 | J83: =O83+T83+Y83+AD83+AI83+AN83+AS83+AX83+BC83 -> 755412 | K83: =P83+U83+Z83+AE83+AJ83+AO83+AT83+AY83+BD83 -> 539925 | L83: =Q83+V83+AA83+AF83+AK83+AP83+AU83+AZ83+BE83 -> 2895556 | R83: 328233 | S83: 282555 | T83: 280416 | U83: 230943 | V83: 1122147 | W83: 36432 | X83: 40503 | Y83: 44574 | Z83: 26082 | AA83: 147591 | AB83: 170844 | AC83: 131071 | AD83: 132066 | AE83: 14766 | AF83: 448747 | AG83: 242259 | AH83: 238602 | AI83: 249849 | AJ83: 196374 | AK83: 927084 | AL83: 20010 | AM83: 6831 | AO83: 1656 | AP83: 28497 | AQ83: 52509 | AR83: 50370 | AS83: 48507 | AT83: 70104 | AU83: 221490 | BF83: =BK83+BP83+BU83+BZ83+CE83 -> 186438 | BG83: =BL83+BQ83+BV83+CA83+CF83 -> 288282 | BH83: =BM83+BR83+BW83+CB83+CG83 -> 310707 | BI83: =BN83+BS83+BX83+CC83+CH83 -> 329475 | BJ83: =BO83+BT83+BY83+CD83+CI83 -> 1114902 | BK83: 1587 | BL83: 12834 | BM83: 24702 | BN83: 11937 | BO83: 51060 | BP83: 115230 | BQ83: 121716 | BR83: 119094 | BS83: 143520 | BT83: 499560 | BU83: 49128 | BV83: 122820 | BW83: 134964 | BX83: 140346 | BY83: 447258 | BZ83: 17043 | CA83: 29394 | CB83: 31947 | CC83: 33672 | CD83: 112056 | CE83: 3450 | CF83: 1518 | CI83: 4968
A84: 天线宝宝 | B84: 潮流玩具 | C84: =H84+BF84 -> 333781 | D84: =I84+BG84 -> 310621 | E84: =J84+BH84 -> 1488270 | F84: =K84+BI84 -> 1822618 | G84: =L84+BJ84 -> 3955290 | H84: =M84+R84+W84+AB84+AG84+AL84+AQ84+AV84+BA84 -> 310897 | I84: =N84+S84+X84+AC84+AH84+AM84+AR84+AW84+BB84 -> 287469 | J84: =O84+T84+Y84+AD84+AI84+AN84+AS84+AX84+BC84 -> 1431877 | K84: =P84+U84+Z84+AE84+AJ84+AO84+AT84+AY84+BD84 -> 1741977 | L84: =Q84+V84+AA84+AF84+AK84+AP84+AU84+AZ84+BE84 -> 3772220 | M84: 91393 | N84: 78972 | O84: 257205 | P84: 383128 | Q84: 810698 | R84: 76692 | S84: 91431 | T84: 302986 | U84: 334685 | V84: 805794 | W84: 10497 | X84: 11805 | Y84: 19452 | Z84: 174160 | AA84: 215914 | AB84: 792 | AC84: 1089 | AD84: 295875 | AE84: 207396 | AF84: 505152 | AG84: 65193 | AH84: 48489 | AI84: 334507 | AJ84: 267374 | AK84: 715563 | AL84: 7761 | AM84: 7710 | AN84: 18931 | AO84: 47578 | AP84: 81980 | AQ84: 12281 | AR84: 9334 | AS84: 168579 | AT84: 163138 | AU84: 353332 | AV84: 9225 | AW84: 7521 | AX84: 5376 | AY84: 26942 | AZ84: 49064 | BA84: 37063 | BB84: 31118 | BC84: 28966 | BD84: 137576 | BE84: 234723 | BF84: =BK84+BP84+BU84+BZ84+CE84 -> 22884 | BG84: =BL84+BQ84+BV84+CA84+CF84 -> 23152 | BH84: =BM84+BR84+BW84+CB84+CG84 -> 56393 | BI84: =BN84+BS84+BX84+CC84+CH84 -> 80641 | BJ84: =BO84+BT84+BY84+CD84+CI84 -> 183070 | BK84: 138 | BL84: 69 | BM84: 13894 | BN84: 9113 | BO84: 23214 | BP84: 6750 | BQ84: 6813 | BR84: 6546 | BS84: 297 | BT84: 20406 | BU84: 11580 | BV84: 13993 | BW84: 25689 | BX84: 52032 | BY84: 103294 | BZ84: 4416 | CA84: 2277 | CB84: 10264 | CC84: 11931 | CD84: 28888 | CH84: 7268 | CI84: 7268
A85: 天线宝宝 汇总 | C85: =H85+BF85 -> 333781 | D85: =I85+BG85 -> 310621 | E85: =J85+BH85 -> 1488270 | F85: =K85+BI85 -> 1822618 | G85: =L85+BJ85 -> 3955290 | H85: =M85+R85+W85+AB85+AG85+AL85+AQ85+AV85+BA85 -> 310897 | I85: =N85+S85+X85+AC85+AH85+AM85+AR85+AW85+BB85 -> 287469 | J85: =O85+T85+Y85+AD85+AI85+AN85+AS85+AX85+BC85 -> 1431877 | K85: =P85+U85+Z85+AE85+AJ85+AO85+AT85+AY85+BD85 -> 1741977 | L85: =Q85+V85+AA85+AF85+AK85+AP85+AU85+AZ85+BE85 -> 3772220 | M85: 91393 | N85: 78972 | O85: 257205 | P85: 383128 | Q85: 810698 | R85: 76692 | S85: 91431 | T85: 302986 | U85: 334685 | V85: 805794 | W85: 10497 | X85: 11805 | Y85: 19452 | Z85: 174160 | AA85: 215914 | AB85: 792 | AC85: 1089 | AD85: 295875 | AE85: 207396 | AF85: 505152 | AG85: 65193 | AH85: 48489 | AI85: 334507 | AJ85: 267374 | AK85: 715563 | AL85: 7761 | AM85: 7710 | AN85: 18931 | AO85: 47578 | AP85: 81980 | AQ85: 12281 | AR85: 9334 | AS85: 168579 | AT85: 163138 | AU85: 353332 | AV85: 9225 | AW85: 7521 | AX85: 5376 | AY85: 26942 | AZ85: 49064 | BA85: 37063 | BB85: 31118 | BC85: 28966 | BD85: 137576 | BE85: 234723 | BF85: =BK85+BP85+BU85+BZ85+CE85 -> 22884 | BG85: =BL85+BQ85+BV85+CA85+CF85 -> 23152 | BH85: =BM85+BR85+BW85+CB85+CG85 -> 56393 | BI85: =BN85+BS85+BX85+CC85+CH85 -> 80641 | BJ85: =BO85+BT85+BY85+CD85+CI85 -> 183070 | BK85: 138 | BL85: 69 | BM85: 13894 | BN85: 9113 | BO85: 23214 | BP85: 6750 | BQ85: 6813 | BR85: 6546 | BS85: 297 | BT85: 20406 | BU85: 11580 | BV85: 13993 | BW85: 25689 | BX85: 52032 | BY85: 103294 | BZ85: 4416 | CA85: 2277 | CB85: 10264 | CC85: 11931 | CD85: 28888 | CH85: 7268 | CI85: 7268
A86: 爱心熊 | B86: 潮流周边 | C86: =H86+BF86 -> 257221 | D86: =I86+BG86 -> 130681 | E86: =J86+BH86 -> 57823 | F86: =K86+BI86 -> 32195 | G86: =L86+BJ86 -> 477920 | H86: =M86+R86+W86+AB86+AG86+AL86+AQ86+AV86+BA86 -> 241970 | I86: =N86+S86+X86+AC86+AH86+AM86+AR86+AW86+BB86 -> 120037 | J86: =O86+T86+Y86+AD86+AI86+AN86+AS86+AX86+BC86 -> 32107 | K86: =P86+U86+Z86+AE86+AJ86+AO86+AT86+AY86+BD86 -> 6964 | L86: =Q86+V86+AA86+AF86+AK86+AP86+AU86+AZ86+BE86 -> 401078 | M86: 59682 | N86: 22785 | O86: 6664 | P86: 882 | Q86: 90013 | R86: 196 | S86: 98 | V86: 294 | W86: 24843 | X86: 4508 | AA86: 29351 | AB86: 828 | AC86: 98 | AF86: 926 | AG86: 149940 | AH86: 88347 | AI86: 20384 | AJ86: 3430 | AK86: 262101 | AS86: 392 | AU86: 392 | AV86: 3038 | AW86: 2324 | AX86: 2744 | AY86: 2009 | AZ86: 10115 | BA86: 3443 | BB86: 1877 | BC86: 1923 | BD86: 643 | BE86: 7886 | BF86: =BK86+BP86+BU86+BZ86+CE86 -> 15251 | BG86: =BL86+BQ86+BV86+CA86+CF86 -> 10644 | BH86: =BM86+BR86+BW86+CB86+CG86 -> 25716 | BI86: =BN86+BS86+BX86+CC86+CH86 -> 25231 | BJ86: =BO86+BT86+BY86+CD86+CI86 -> 76842 | BK86: 3528 | BL86: 2499 | BM86: 6566 | BN86: 6811 | BO86: 19404 | BP86: 1188 | BQ86: 396 | BR86: 99 | BT86: 1683 | BU86: 10535 | BV86: 7749 | BW86: 19051 | BX86: 18420 | BY86: 55755
B87: 毛绒玩具 | C87: =H87+BF87 -> 799284 | D87: =I87+BG87 -> 730782 | E87: =J87+BH87 -> 896799 | F87: =K87+BI87 -> 895956 | G87: =L87+BJ87 -> 3322821 | H87: =M87+R87+W87+AB87+AG87+AL87+AQ87+AV87+BA87 -> 746073 | I87: =N87+S87+X87+AC87+AH87+AM87+AR87+AW87+BB87 -> 646080 | J87: =O87+T87+Y87+AD87+AI87+AN87+AS87+AX87+BC87 -> 789627 | K87: =P87+U87+Z87+AE87+AJ87+AO87+AT87+AY87+BD87 -> 710538 | L87: =Q87+V87+AA87+AF87+AK87+AP87+AU87+AZ87+BE87 -> 2892318 | M87: 203616 | N87: 157614 | O87: 138900 | P87: 166131 | Q87: 666261 | R87: 53958 | S87: 41745 | T87: 33948 | U87: 35397 | V87: 165048 | W87: 120978 | X87: 87384 | Y87: 72783 | Z87: 67329 | AA87: 348474 | AB87: 1584 | AC87: 30768 | AD87: 197628 | AE87: 132132 | AF87: 362112 | AG87: 193878 | AH87: 175983 | AI87: 143130 | AJ87: 97995 | AK87: 610986 | AL87: 23604 | AM87: 36426 | AN87: 44565 | AO87: 22362 | AP87: 126957 | AQ87: 10143 | AR87: 2898 | AS87: 23469 | AT87: 44349 | AU87: 80859 | AV87: 7491 | AW87: 8754 | AX87: 6423 | AY87: 5088 | AZ87: 27756 | BA87: 130821 | BB87: 104508 | BC87: 128781 | BD87: 139755 | BE87: 503865 | BF87: =BK87+BP87+BU87+BZ87+CE87 -> 53211 | BG87: =BL87+BQ87+BV87+CA87+CF87 -> 84702 | BH87: =BM87+BR87+BW87+CB87+CG87 -> 107172 | BI87: =BN87+BS87+BX87+CC87+CH87 -> 185418 | BJ87: =BO87+BT87+BY87+CD87+CI87 -> 430503 | BK87: 5550 | BL87: 6417 | BM87: 207 | BO87: 12174 | BP87: 23742 | BQ87: 29979 | BR87: 40200 | BS87: 40161 | BT87: 134082 | BU87: 17337 | BV87: 39120 | BW87: 61131 | BX87: 139443 | BY87: 257031 | BZ87: 2691 | CA87: 1518 | CB87: 2070 | CD87: 6279 | CE87: 3891 | CF87: 7668 | CG87: 3564 | CH87: 5814 | CI87: 20937
A88: 爱心熊 汇总 | C88: =H88+BF88 -> 1056505 | D88: =I88+BG88 -> 861463 | E88: =J88+BH88 -> 954622 | F88: =K88+BI88 -> 928151 | G88: =L88+BJ88 -> 3800741 | H88: =M88+R88+W88+AB88+AG88+AL88+AQ88+AV88+BA88 -> 988043 | I88: =N88+S88+X88+AC88+AH88+AM88+AR88+AW88+BB88 -> 766117 | J88: =O88+T88+Y88+AD88+AI88+AN88+AS88+AX88+BC88 -> 821734 | K88: =P88+U88+Z88+AE88+AJ88+AO88+AT88+AY88+BD88 -> 717502 | L88: =Q88+V88+AA88+AF88+AK88+AP88+AU88+AZ88+BE88 -> 3293396 | M88: 263298 | N88: 180399 | O88: 145564 | P88: 167013 | Q88: 756274 | R88: 54154 | S88: 41843 | T88: 33948 | U88: 35397 | V88: 165342 | W88: 145821 | X88: 91892 | Y88: 72783 | Z88: 67329 | AA88: 377825 | AB88: 2412 | AC88: 30866 | AD88: 197628 | AE88: 132132 | AF88: 363038 | AG88: 343818 | AH88: 264330 | AI88: 163514 | AJ88: 101425 | AK88: 873087 | AL88: 23604 | AM88: 36426 | AN88: 44565 | AO88: 22362 | AP88: 126957 | AQ88: 10143 | AR88: 2898 | AS88: 23861 | AT88: 44349 | AU88: 81251 | AV88: 10529 | AW88: 11078 | AX88: 9167 | AY88: 7097 | AZ88: 37871 | BA88: 134264 | BB88: 106385 | BC88: 130704 | BD88: 140398 | BE88: 511751 | BF88: =BK88+BP88+BU88+BZ88+CE88 -> 68462 | BG88: =BL88+BQ88+BV88+CA88+CF88 -> 95346 | BH88: =BM88+BR88+BW88+CB88+CG88 -> 132888 | BI88: =BN88+BS88+BX88+CC88+CH88 -> 210649 | BJ88: =BO88+BT88+BY88+CD88+CI88 -> 507345 | BK88: 9078 | BL88: 8916 | BM88: 6773 | BN88: 6811 | BO88: 31578 | BP88: 24930 | BQ88: 30375 | BR88: 40299 | BS88: 40161 | BT88: 135765 | BU88: 27872 | BV88: 46869 | BW88: 80182 | BX88: 157863 | BY88: 312786 | BZ88: 2691 | CA88: 1518 | CB88: 2070 | CD88: 6279 | CE88: 3891 | CF88: 7668 | CG88: 3564 | CH88: 5814 | CI88: 20937
A89: TinyTiny | B89: 潮流玩具 | C89: =H89+BF89 -> 0 | D89: =I89+BG89 -> 1353918 | E89: =J89+BH89 -> 1152714 | F89: =K89+BI89 -> 757413 | G89: =L89+BJ89 -> 3264045 | H89: =M89+R89+W89+AB89+AG89+AL89+AQ89+AV89+BA89 -> 0 | I89: =N89+S89+X89+AC89+AH89+AM89+AR89+AW89+BB89 -> 1353918 | J89: =O89+T89+Y89+AD89+AI89+AN89+AS89+AX89+BC89 -> 1032378 | K89: =P89+U89+Z89+AE89+AJ89+AO89+AT89+AY89+BD89 -> 652326 | L89: =Q89+V89+AA89+AF89+AK89+AP89+AU89+AZ89+BE89 -> 3038622 | N89: 222801 | O89: 303807 | P89: 214314 | Q89: 740922 | S89: 39744 | T89: 26496 | U89: 43884 | V89: 110124 | Y89: 70725 | Z89: 26289 | AA89: 97014 | AC89: 87354 | AD89: 216798 | AE89: 90597 | AF89: 394749 | AH89: 947991 | AI89: 283659 | AJ89: 116403 | AK89: 1348053 | AN89: 15456 | AO89: 24426 | AP89: 39882 | AR89: 56028 | AS89: 115437 | AT89: 74451 | AU89: 245916 | AY89: 19872 | AZ89: 19872 | BD89: 42090 | BE89: 42090 | BF89: =BK89+BP89+BU89+BZ89+CE89 -> 0 | BG89: =BL89+BQ89+BV89+CA89+CF89 -> 0 | BH89: =BM89+BR89+BW89+CB89+CG89 -> 120336 | BI89: =BN89+BS89+BX89+CC89+CH89 -> 105087 | BJ89: =BO89+BT89+BY89+CD89+CI89 -> 225423 | BM89: 33603 | BN89: 16008 | BO89: 49611 | BR89: 44091 | BS89: 22494 | BT89: 66585 | BW89: 2898 | BX89: 55407 | BY89: 58305 | CB89: 24081 | CC89: 1242 | CD89: 25323 | CG89: 15663 | CH89: 9936 | CI89: 25599
A90: TinyTiny 汇总 | C90: =H90+BF90 -> 0 | D90: =I90+BG90 -> 1353918 | E90: =J90+BH90 -> 1152714 | F90: =K90+BI90 -> 757413 | G90: =L90+BJ90 -> 3264045 | H90: =M90+R90+W90+AB90+AG90+AL90+AQ90+AV90+BA90 -> 0 | I90: =N90+S90+X90+AC90+AH90+AM90+AR90+AW90+BB90 -> 1353918 | J90: =O90+T90+Y90+AD90+AI90+AN90+AS90+AX90+BC90 -> 1032378 | K90: =P90+U90+Z90+AE90+AJ90+AO90+AT90+AY90+BD90 -> 652326 | L90: =Q90+V90+AA90+AF90+AK90+AP90+AU90+AZ90+BE90 -> 3038622 | N90: 222801 | O90: 303807 | P90: 214314 | Q90: 740922 | S90: 39744 | T90: 26496 | U90: 43884 | V90: 110124 | Y90: 70725 | Z90: 26289 | AA90: 97014 | AC90: 87354 | AD90: 216798 | AE90: 90597 | AF90: 394749 | AH90: 947991 | AI90: 283659 | AJ90: 116403 | AK90: 1348053 | AN90: 15456 | AO90: 24426 | AP90: 39882 | AR90: 56028 | AS90: 115437 | AT90: 74451 | AU90: 245916 | AY90: 19872 | AZ90: 19872 | BD90: 42090 | BE90: 42090 | BF90: =BK90+BP90+BU90+BZ90+CE90 -> 0 | BG90: =BL90+BQ90+BV90+CA90+CF90 -> 0 | BH90: =BM90+BR90+BW90+CB90+CG90 -> 120336 | BI90: =BN90+BS90+BX90+CC90+CH90 -> 105087 | BJ90: =BO90+BT90+BY90+CD90+CI90 -> 225423 | BM90: 33603 | BN90: 16008 | BO90: 49611 | BR90: 44091 | BS90: 22494 | BT90: 66585 | BW90: 2898 | BX90: 55407 | BY90: 58305 | CB90: 24081 | CC90: 1242 | CD90: 25323 | CG90: 15663 | CH90: 9936 | CI90: 25599
A91: 海绵宝宝 | B91: 潮流玩具 | C91: =H91+BF91 -> 443303 | D91: =I91+BG91 -> 357856 | E91: =J91+BH91 -> 353555 | F91: =K91+BI91 -> 1007566 | G91: =L91+BJ91 -> 2162280 | H91: =M91+R91+W91+AB91+AG91+AL91+AQ91+AV91+BA91 -> 365121 | I91: =N91+S91+X91+AC91+AH91+AM91+AR91+AW91+BB91 -> 275487 | J91: =O91+T91+Y91+AD91+AI91+AN91+AS91+AX91+BC91 -> 265644 | K91: =P91+U91+Z91+AE91+AJ91+AO91+AT91+AY91+BD91 -> 883880 | L91: =Q91+V91+AA91+AF91+AK91+AP91+AU91+AZ91+BE91 -> 1790132 | M91: 43790 | N91: 27266 | O91: 13775 | P91: 119069 | Q91: 203900 | R91: 20931 | S91: 18339 | T91: 16782 | U91: 188731 | V91: 244783 | W91: 18762 | X91: 17818 | Y91: 28184 | Z91: 35079 | AA91: 99843 | AB91: 84536 | AC91: 50991 | AD91: 50508 | AE91: 222387 | AF91: 408422 | AG91: 62928 | AH91: 59685 | AI91: 65343 | AJ91: 126822 | AK91: 314778 | AL91: 29333 | AM91: 29220 | AN91: 18042 | AO91: 17675 | AP91: 94270 | AQ91: 34845 | AR91: 22563 | AS91: 21597 | AT91: 119991 | AU91: 198996 | AV91: 10833 | AW91: 9751 | AX91: 7347 | AY91: 1540 | AZ91: 29471 | BA91: 59163 | BB91: 39854 | BC91: 44066 | BD91: 52586 | BE91: 195669 | BF91: =BK91+BP91+BU91+BZ91+CE91 -> 78182 | BG91: =BL91+BQ91+BV91+CA91+CF91 -> 82369 | BH91: =BM91+BR91+BW91+CB91+CG91 -> 87911 | BI91: =BN91+BS91+BX91+CC91+CH91 -> 123686 | BJ91: =BO91+BT91+BY91+CD91+CI91 -> 372148 | BK91: 4714 | BL91: 5244 | BM91: 2448 | BN91: 10071 | BO91: 22477 | BP91: 22367 | BQ91: 18354 | BR91: 25563 | BS91: 58810 | BT91: 125094 | BU91: 42581 | BV91: 54907 | BW91: 59900 | BX91: 38797 | BY91: 196185 | BZ91: 8520 | CA91: 3864 | CC91: 16008 | CD91: 28392
B92: 潮流周边 | C92: =H92+BF92 -> 676 | D92: =I92+BG92 -> 54330 | E92: =J92+BH92 -> 243905 | F92: =K92+BI92 -> 89528 | G92: =L92+BJ92 -> 388439 | H92: =M92+R92+W92+AB92+AG92+AL92+AQ92+AV92+BA92 -> 676 | I92: =N92+S92+X92+AC92+AH92+AM92+AR92+AW92+BB92 -> 53654 | J92: =O92+T92+Y92+AD92+AI92+AN92+AS92+AX92+BC92 -> 240957 | K92: =P92+U92+Z92+AE92+AJ92+AO92+AT92+AY92+BD92 -> 82614 | L92: =Q92+V92+AA92+AF92+AK92+AP92+AU92+AZ92+BE92 -> 377901 | N92: 2360 | O92: 27390 | P92: 10417 | Q92: 40167 | S92: 2231 | T92: 20137 | U92: 9010 | V92: 31378 | W92: 676 | X92: 11793 | Y92: 77741 | Z92: 21320 | AA92: 111530 | AC92: 10352 | AD92: 15393 | AE92: 3184 | AF92: 28929 | AH92: 26918 | AI92: 64772 | AJ92: 27214 | AK92: 118904 | AS92: 17327 | AT92: 2669 | AU92: 19996 | AX92: 2844 | AY92: 2054 | AZ92: 4898 | BC92: 15353 | BD92: 6746 | BE92: 22099 | BF92: =BK92+BP92+BU92+BZ92+CE92 -> 0 | BG92: =BL92+BQ92+BV92+CA92+CF92 -> 676 | BH92: =BM92+BR92+BW92+CB92+CG92 -> 2948 | BI92: =BN92+BS92+BX92+CC92+CH92 -> 6914 | BJ92: =BO92+BT92+BY92+CD92+CI92 -> 10538 | BQ92: 676 | BR92: 1349 | BS92: 2727 | BT92: 4752 | BW92: 1599 | BX92: 4187 | BY92: 5786
B93: 毛绒玩具 | C93: =H93+BF93 -> 0 | D93: =I93+BG93 -> 1580 | E93: =J93+BH93 -> 150969 | F93: =K93+BI93 -> 233287 | G93: =L93+BJ93 -> 385836 | H93: =M93+R93+W93+AB93+AG93+AL93+AQ93+AV93+BA93 -> 0 | I93: =N93+S93+X93+AC93+AH93+AM93+AR93+AW93+BB93 -> 1580 | J93: =O93+T93+Y93+AD93+AI93+AN93+AS93+AX93+BC93 -> 150969 | K93: =P93+U93+Z93+AE93+AJ93+AO93+AT93+AY93+BD93 -> 213616 | L93: =Q93+V93+AA93+AF93+AK93+AP93+AU93+AZ93+BE93 -> 366165 | O93: 17696 | P93: 21725 | Q93: 39421 | X93: 1580 | Y93: 40527 | Z93: 65728 | AA93: 107835 | AD93: 23463 | AE93: 14694 | AF93: 38157 | AI93: 39263 | AJ93: 59092 | AK93: 98355 | AN93: 2528 | AO93: 8532 | AP93: 11060 | AY93: 8453 | AZ93: 8453 | BC93: 27492 | BD93: 35392 | BE93: 62884 | BF93: =BK93+BP93+BU93+BZ93+CE93 -> 0 | BG93: =BL93+BQ93+BV93+CA93+CF93 -> 0 | BH93: =BM93+BR93+BW93+CB93+CG93 -> 0 | BI93: =BN93+BS93+BX93+CC93+CH93 -> 19671 | BJ93: =BO93+BT93+BY93+CD93+CI93 -> 19671 | BX93: 19671 | BY93: 19671
A94: 海绵宝宝 汇总 | C94: =H94+BF94 -> 443979 | D94: =I94+BG94 -> 413766 | E94: =J94+BH94 -> 748429 | F94: =K94+BI94 -> 1330381 | G94: =L94+BJ94 -> 2936555 | H94: =M94+R94+W94+AB94+AG94+AL94+AQ94+AV94+BA94 -> 365797 | I94: =N94+S94+X94+AC94+AH94+AM94+AR94+AW94+BB94 -> 330721 | J94: =O94+T94+Y94+AD94+AI94+AN94+AS94+AX94+BC94 -> 657570 | K94: =P94+U94+Z94+AE94+AJ94+AO94+AT94+AY94+BD94 -> 1180110 | L94: =Q94+V94+AA94+AF94+AK94+AP94+AU94+AZ94+BE94 -> 2534198 | M94: 43790 | N94: 29626 | O94: 58861 | P94: 151211 | Q94: 283488 | R94: 20931 | S94: 20570 | T94: 36919 | U94: 197741 | V94: 276161 | W94: 19438 | X94: 31191 | Y94: 146452 | Z94: 122127 | AA94: 319208 | AB94: 84536 | AC94: 61343 | AD94: 89364 | AE94: 240265 | AF94: 475508 | AG94: 62928 | AH94: 86603 | AI94: 169378 | AJ94: 213128 | AK94: 532037 | AL94: 29333 | AM94: 29220 | AN94: 20570 | AO94: 26207 | AP94: 105330 | AQ94: 34845 | AR94: 22563 | AS94: 38924 | AT94: 122660 | AU94: 218992 | AV94: 10833 | AW94: 9751 | AX94: 10191 | AY94: 12047 | AZ94: 42822 | BA94: 59163 | BB94: 39854 | BC94: 86911 | BD94: 94724 | BE94: 280652 | BF94: =BK94+BP94+BU94+BZ94+CE94 -> 78182 | BG94: =BL94+BQ94+BV94+CA94+CF94 -> 83045 | BH94: =BM94+BR94+BW94+CB94+CG94 -> 90859 | BI94: =BN94+BS94+BX94+CC94+CH94 -> 150271 | BJ94: =BO94+BT94+BY94+CD94+CI94 -> 402357 | BK94: 4714 | BL94: 5244 | BM94: 2448 | BN94: 10071 | BO94: 22477 | BP94: 22367 | BQ94: 19030 | BR94: 26912 | BS94: 61537 | BT94: 129846 | BU94: 42581 | BV94: 54907 | BW94: 61499 | BX94: 62655 | BY94: 221642 | BZ94: 8520 | CA94: 3864 | CC94: 16008 | CD94: 28392
A95: 芭比 | B95: 潮流玩具 | C95: =H95+BF95 -> 0 | D95: =I95+BG95 -> 0 | E95: =J95+BH95 -> 1596867 | F95: =K95+BI95 -> 874920 | G95: =L95+BJ95 -> 2471787 | H95: =M95+R95+W95+AB95+AG95+AL95+AQ95+AV95+BA95 -> 0 | I95: =N95+S95+X95+AC95+AH95+AM95+AR95+AW95+BB95 -> 0 | J95: =O95+T95+Y95+AD95+AI95+AN95+AS95+AX95+BC95 -> 1484052 | K95: =P95+U95+Z95+AE95+AJ95+AO95+AT95+AY95+BD95 -> 813579 | L95: =Q95+V95+AA95+AF95+AK95+AP95+AU95+AZ95+BE95 -> 2297631 | O95: 149592 | P95: 83766 | Q95: 233358 | T95: 235497 | U95: 129099 | V95: 364596 | Y95: 149592 | Z95: 142347 | AA95: 291939 | AD95: 440496 | AE95: 93564 | AF95: 534060 | AI95: 382950 | AJ95: 55269 | AK95: 438219 | AN95: 39054 | AO95: 26910 | AP95: 65964 | AS95: 86871 | AT95: 35466 | AU95: 122337 | AY95: 21252 | AZ95: 21252 | BD95: 225906 | BE95: 225906 | BF95: =BK95+BP95+BU95+BZ95+CE95 -> 0 | BG95: =BL95+BQ95+BV95+CA95+CF95 -> 0 | BH95: =BM95+BR95+BW95+CB95+CG95 -> 112815 | BI95: =BN95+BS95+BX95+CC95+CH95 -> 61341 | BJ95: =BO95+BT95+BY95+CD95+CI95 -> 174156 | BM95: 15387 | BN95: 10488 | BO95: 25875 | BS95: 5244 | BT95: 5244 | BW95: 75831 | BX95: 36570 | BY95: 112401 | CB95: 14214 | CC95: 9039 | CD95: 23253 | CG95: 7383 | CI95: 7383
A96: 芭比 汇总 | C96: =H96+BF96 -> 0 | D96: =I96+BG96 -> 0 | E96: =J96+BH96 -> 1596867 | F96: =K96+BI96 -> 874920 | G96: =L96+BJ96 -> 2471787 | H96: =M96+R96+W96+AB96+AG96+AL96+AQ96+AV96+BA96 -> 0 | I96: =N96+S96+X96+AC96+AH96+AM96+AR96+AW96+BB96 -> 0 | J96: =O96+T96+Y96+AD96+AI96+AN96+AS96+AX96+BC96 -> 1484052 | K96: =P96+U96+Z96+AE96+AJ96+AO96+AT96+AY96+BD96 -> 813579 | L96: =Q96+V96+AA96+AF96+AK96+AP96+AU96+AZ96+BE96 -> 2297631 | O96: 149592 | P96: 83766 | Q96: 233358 | T96: 235497 | U96: 129099 | V96: 364596 | Y96: 149592 | Z96: 142347 | AA96: 291939 | AD96: 440496 | AE96: 93564 | AF96: 534060 | AI96: 382950 | AJ96: 55269 | AK96: 438219 | AN96: 39054 | AO96: 26910 | AP96: 65964 | AS96: 86871 | AT96: 35466 | AU96: 122337 | AY96: 21252 | AZ96: 21252 | BD96: 225906 | BE96: 225906 | BF96: =BK96+BP96+BU96+BZ96+CE96 -> 0 | BG96: =BL96+BQ96+BV96+CA96+CF96 -> 0 | BH96: =BM96+BR96+BW96+CB96+CG96 -> 112815 | BI96: =BN96+BS96+BX96+CC96+CH96 -> 61341 | BJ96: =BO96+BT96+BY96+CD96+CI96 -> 174156 | BM96: 15387 | BN96: 10488 | BO96: 25875 | BS96: 5244 | BT96: 5244 | BW96: 75831 | BX96: 36570 | BY96: 112401 | CB96: 14214 | CC96: 9039 | CD96: 23253 | CG96: 7383 | CI96: 7383
A97: 小甜豆 | B97: 潮流玩具 | C97: =H97+BF97 -> 358357 | D97: =I97+BG97 -> 816448 | E97: =J97+BH97 -> 637489 | F97: =K97+BI97 -> 559885 | G97: =L97+BJ97 -> 2372179 | H97: =M97+R97+W97+AB97+AG97+AL97+AQ97+AV97+BA97 -> 279299 | I97: =N97+S97+X97+AC97+AH97+AM97+AR97+AW97+BB97 -> 792133 | J97: =O97+T97+Y97+AD97+AI97+AN97+AS97+AX97+BC97 -> 596006 | K97: =P97+U97+Z97+AE97+AJ97+AO97+AT97+AY97+BD97 -> 485589 | L97: =Q97+V97+AA97+AF97+AK97+AP97+AU97+AZ97+BE97 -> 2153027 | M97: 32442 | N97: 68398 | O97: 37162 | P97: 44216 | Q97: 182218 | R97: 32722 | S97: 41387 | T97: 24914 | U97: 21714 | V97: 120737 | W97: 4560 | X97: 72174 | Y97: 22324 | Z97: 22910 | AA97: 121968 | AB97: 80207 | AC97: 190994 | AD97: 180167 | AE97: 126624 | AF97: 577992 | AG97: 46789 | AH97: 206617 | AI97: 118006 | AJ97: 92868 | AK97: 464280 | AL97: 8457 | AM97: 19549 | AN97: 10050 | AO97: 11913 | AP97: 49969 | AQ97: 31188 | AR97: 156376 | AS97: 73926 | AT97: 46117 | AU97: 307607 | AV97: 6612 | AW97: 7002 | AX97: 14731 | AY97: 11549 | AZ97: 39894 | BA97: 36322 | BB97: 29636 | BC97: 114726 | BD97: 107678 | BE97: 288362 | BF97: =BK97+BP97+BU97+BZ97+CE97 -> 79058 | BG97: =BL97+BQ97+BV97+CA97+CF97 -> 24315 | BH97: =BM97+BR97+BW97+CB97+CG97 -> 41483 | BI97: =BN97+BS97+BX97+CC97+CH97 -> 74296 | BJ97: =BO97+BT97+BY97+CD97+CI97 -> 219152 | BK97: 13310 | BL97: 499 | BM97: 414 | BN97: 3718 | BO97: 17941 | BP97: 42923 | BQ97: 7197 | BR97: 15157 | BS97: 25627 | BT97: 90904 | BU97: 16605 | BV97: 14825 | BW97: 22738 | BX97: 39044 | BY97: 93212 | BZ97: 1242 | CA97: 1794 | CB97: 1587 | CC97: 1778 | CD97: 6401 | CE97: 4978 | CG97: 1587 | CH97: 4129 | CI97: 10694
B98: 潮流周边 | C98: =H98+BF98 -> 261 | D98: =I98+BG98 -> 0 | E98: =J98+BH98 -> 0 | F98: =K98+BI98 -> 0 | G98: =L98+BJ98 -> 261 | H98: =M98+R98+W98+AB98+AG98+AL98+AQ98+AV98+BA98 -> 261 | I98: =N98+S98+X98+AC98+AH98+AM98+AR98+AW98+BB98 -> 0 | J98: =O98+T98+Y98+AD98+AI98+AN98+AS98+AX98+BC98 -> 0 | K98: =P98+U98+Z98+AE98+AJ98+AO98+AT98+AY98+BD98 -> 0 | L98: =Q98+V98+AA98+AF98+AK98+AP98+AU98+AZ98+BE98 -> 261 | AV98: 261 | AZ98: 261 | BF98: =BK98+BP98+BU98+BZ98+CE98 -> 0 | BG98: =BL98+BQ98+BV98+CA98+CF98 -> 0 | BH98: =BM98+BR98+BW98+CB98+CG98 -> 0 | BI98: =BN98+BS98+BX98+CC98+CH98 -> 0 | BJ98: =BO98+BT98+BY98+CD98+CI98 -> 0
A99: 小甜豆 汇总 | C99: =H99+BF99 -> 358618 | D99: =I99+BG99 -> 816448 | E99: =J99+BH99 -> 637489 | F99: =K99+BI99 -> 559885 | G99: =L99+BJ99 -> 2372440 | H99: =M99+R99+W99+AB99+AG99+AL99+AQ99+AV99+BA99 -> 279560 | I99: =N99+S99+X99+AC99+AH99+AM99+AR99+AW99+BB99 -> 792133 | J99: =O99+T99+Y99+AD99+AI99+AN99+AS99+AX99+BC99 -> 596006 | K99: =P99+U99+Z99+AE99+AJ99+AO99+AT99+AY99+BD99 -> 485589 | L99: =Q99+V99+AA99+AF99+AK99+AP99+AU99+AZ99+BE99 -> 2153288 | M99: 32442 | N99: 68398 | O99: 37162 | P99: 44216 | Q99: 182218 | R99: 32722 | S99: 41387 | T99: 24914 | U99: 21714 | V99: 120737 | W99: 4560 | X99: 72174 | Y99: 22324 | Z99: 22910 | AA99: 121968 | AB99: 80207 | AC99: 190994 | AD99: 180167 | AE99: 126624 | AF99: 577992 | AG99: 46789 | AH99: 206617 | AI99: 118006 | AJ99: 92868 | AK99: 464280 | AL99: 8457 | AM99: 19549 | AN99: 10050 | AO99: 11913 | AP99: 49969 | AQ99: 31188 | AR99: 156376 | AS99: 73926 | AT99: 46117 | AU99: 307607 | AV99: 6873 | AW99: 7002 | AX99: 14731 | AY99: 11549 | AZ99: 40155 | BA99: 36322 | BB99: 29636 | BC99: 114726 | BD99: 107678 | BE99: 288362 | BF99: =BK99+BP99+BU99+BZ99+CE99 -> 79058 | BG99: =BL99+BQ99+BV99+CA99+CF99 -> 24315 | BH99: =BM99+BR99+BW99+CB99+CG99 -> 41483 | BI99: =BN99+BS99+BX99+CC99+CH99 -> 74296 | BJ99: =BO99+BT99+BY99+CD99+CI99 -> 219152 | BK99: 13310 | BL99: 499 | BM99: 414 | BN99: 3718 | BO99: 17941 | BP99: 42923 | BQ99: 7197 | BR99: 15157 | BS99: 25627 | BT99: 90904 | BU99: 16605 | BV99: 14825 | BW99: 22738 | BX99: 39044 | BY99: 93212 | BZ99: 1242 | CA99: 1794 | CB99: 1587 | CC99: 1778 | CD99: 6401 | CE99: 4978 | CG99: 1587 | CH99: 4129 | CI99: 10694
A100: 泰迪熊 | B100: 毛绒玩具 | C100: =H100+BF100 -> 62192 | D100: =I100+BG100 -> 52026 | E100: =J100+BH100 -> 588816 | F100: =K100+BI100 -> 1557221 | G100: =L100+BJ100 -> 2260255 | H100: =M100+R100+W100+AB100+AG100+AL100+AQ100+AV100+BA100 -> 57109 | I100: =N100+S100+X100+AC100+AH100+AM100+AR100+AW100+BB100 -> 44551 | J100: =O100+T100+Y100+AD100+AI100+AN100+AS100+AX100+BC100 -> 558175 | K100: =P100+U100+Z100+AE100+AJ100+AO100+AT100+AY100+BD100 -> 1470419 | L100: =Q100+V100+AA100+AF100+AK100+AP100+AU100+AZ100+BE100 -> 2130254 | M100: 1495 | N100: 1794 | O100: 2990 | P100: 222562 | Q100: 228841 | R100: 8671 | S100: 8372 | T100: 78567 | U100: 143731 | V100: 239341 | W100: 20930 | X100: 17342 | Y100: 13156 | Z100: 109838 | AA100: 161266 | AB100: 13455 | AC100: 6279 | AD100: 212997 | AE100: 222948 | AF100: 455679 | AI100: 219384 | AJ100: 361053 | AK100: 580437 | AL100: 2392 | AM100: 2691 | AN100: 20915 | AO100: 43374 | AP100: 69372 | AT100: 229581 | AU100: 229581 | AY100: 19503 | AZ100: 19503 | BA100: 10166 | BB100: 8073 | BC100: 10166 | BD100: 117829 | BE100: 146234 | BF100: =BK100+BP100+BU100+BZ100+CE100 -> 5083 | BG100: =BL100+BQ100+BV100+CA100+CF100 -> 7475 | BH100: =BM100+BR100+BW100+CB100+CG100 -> 30641 | BI100: =BN100+BS100+BX100+CC100+CH100 -> 86802 | BJ100: =BO100+BT100+BY100+CD100+CI100 -> 130001 | BL100: 1196 | BN100: 16038 | BO100: 17234 | BU100: 5083 | BV100: 6279 | BW100: 30641 | BX100: 63636 | BY100: 105639 | CH100: 7128 | CI100: 7128
...

Sheet 泡泡国际IP统计-金额维度 深度
A1: 销售业绩金额 | C1: 亚太区域 | E1: 日本 | G1: 韩国 | I1: 印尼 | K1: 新加坡 | M1: 泰国 | O1: 越南 | Q1: 马来西亚 | S1: 新西兰 | U1: 澳大利亚 | W1: 阿联酋 | Y1: 菲律宾+文莱 | AA1: 卡塔尔 | AC1: 亚太电商
A2: IP | B2: YOY 2025 | C2: 46023 | D2: 46054 | E2: 46023 | F2: 46054 | G2: 46023 | H2: 46054 | I2: 46023 | J2: 46054 | K2: 46023 | L2: 46054 | M2: 46023 | N2: 46054 | O2: 46023 | P2: 46054 | Q2: 46023 | R2: 46054 | S2: 46023 | T2: 46054 | U2: 46023 | V2: 46054 | W2: 46023 | X2: 46054 | Y2: 46023 | Z2: 46054 | AA2: 46023 | AB2: 46054 | AC2: 46023 | AD2: 46054
A3: LABUBU | B3: 3.7482541e+09 | C3: =E3+G3+I3+K3+M3+O3+Q3+S3+U3+W3+Y3+AC3+AA3 -> 1.6232688e+08 | D3: =F3+H3+J3+L3+N3+P3+R3+T3+V3+X3+Z3+AD3+AB3 -> 1.1506328e+08 | E3: 28356537 | F3: 18989290 | G3: 9493238.7 | H3: 7161108.5 | I3: 6092433.7 | J3: 4852207.1 | K3: 10930709 | L3: 10261408 | M3: 37546772 | N3: 28132680 | O3: 1758109.2 | P3: 1148863.2 | Q3: 5421640.2 | R3: 6197286 | S3: 1899104.5 | T3: 1352404.3 | U3: 15451627 | V3: 8623362.4 | W3: 1933209.2 | X3: 85150.316 | Y3: 1358686 | Z3: 1734667 | AA3: 423407.5 | AB3: 305835.09 | AC3: 41661404 | AD3: 26219018
A4: CRYBABY | B4: 1.0681261e+09 | C4: =E4+G4+I4+K4+M4+O4+Q4+S4+U4+W4+Y4+AC4+AA4 -> 57822905 | D4: =F4+H4+J4+L4+N4+P4+R4+T4+V4+X4+Z4+AD4+AB4 -> 43526644 | E4: 6020044.1 | F4: 4337924.7 | G4: 3852985.5 | H4: 2764049.6 | I4: 7167702.6 | J4: 4714768.9 | K4: 3536454.6 | L4: 2922989.7 | M4: 13184792 | N4: 13363830 | O4: 3255591 | P4: 525142.49 | Q4: 5411562.3 | R4: 4239437.4 | S4: 488892.92 | T4: 280492.85 | U4: 4781683.3 | V4: 2648850.1 | W4: 318525.69 | X4: 63965.469 | Y4: 859610.51 | Z4: 1051307.9 | AA4: 80472.981 | AB4: 67828.124 | AC4: 8864587 | AD4: 6546056.1
A5: MOLLY | B5: 6.9882637e+08 | C5: =E5+G5+I5+K5+M5+O5+Q5+S5+U5+W5+Y5+AC5+AA5 -> 30715188 | D5: =F5+H5+J5+L5+N5+P5+R5+T5+V5+X5+Z5+AD5+AB5 -> 24779700 | E5: 2776532.9 | F5: 1714065.4 | G5: 1522927.9 | H5: 1079316.3 | I5: 1843610.4 | J5: 1274060.7 | K5: 2128514.7 | L5: 1294007 | M5: 9296051.6 | N5: 7703342.1 | O5: 422090.55 | P5: 409508.3 | Q5: 1395015.6 | R5: 1379657.4 | S5: 233283.29 | T5: 161555.24 | U5: 2022866.3 | V5: 1246400.2 | W5: 175530.12 | X5: 1404.5724 | Y5: 745122.46 | Z5: 862352.07 | AA5: 62155.197 | AB5: 0 | AC5: 8091487 | AD5: 7654030.3
A6: DIMOO | B6: 4.2727317e+08 | C6: =E6+G6+I6+K6+M6+O6+Q6+S6+U6+W6+Y6+AC6+AA6 -> 24746494 | D6: =F6+H6+J6+L6+N6+P6+R6+T6+V6+X6+Z6+AD6+AB6 -> 19658082 | E6: 1985682.6 | F6: 1724236 | G6: 1386767.7 | H6: 1016431.1 | I6: 1266695.1 | J6: 860578.97 | K6: 2409570 | L6: 1683939 | M6: 7242065.7 | N6: 6345978.2 | O6: 447247.63 | P6: 352018.24 | Q6: 2509123.9 | R6: 2097908.5 | S6: 268398.82 | T6: 164023.69 | U6: 2587227.6 | V6: 1646492.4 | W6: 416172.21 | X6: 7538.555 | Y6: 395784.54 | Z6: 586417.72 | AA6: 0 | AB6: 0 | AC6: 3831757.9 | AD6: 3172520.1
A7: SKULLPANDA | B7: 6.5628238e+08 | C7: =E7+G7+I7+K7+M7+O7+Q7+S7+U7+W7+Y7+AC7+AA7 -> 64948222 | D7: =F7+H7+J7+L7+N7+P7+R7+T7+V7+X7+Z7+AD7+AB7 -> 87105572 | E7: 14276085 | F7: 13114330 | G7: 3828231.1 | H7: 4864836.7 | I7: 2548032.4 | J7: 4327657.2 | K7: 3713695.9 | L7: 5023557.9 | M7: 7308781.6 | N7: 11864280 | O7: 1529680.8 | P7: 469085.7 | Q7: 2557860.6 | R7: 5637024.2 | S7: 552861.96 | T7: 681580.95 | U7: 5357041.9 | V7: 5982175.7 | W7: 671749.44 | X7: 141882.31 | Y7: 910870.04 | Z7: 2223191.3 | AA7: 55337.848 | AB7: 12200.941 | AC7: 21637993 | AD7: 32763769
A8: HIRONO | B8: 3.8947598e+08 | C8: =E8+G8+I8+K8+M8+O8+Q8+S8+U8+W8+Y8+AC8+AA8 -> 45653253 | D8: =F8+H8+J8+L8+N8+P8+R8+T8+V8+X8+Z8+AD8+AB8 -> 30893894 | E8: 2313414.1 | F8: 1914596 | G8: 1453052.1 | H8: 989991.12 | I8: 4450789.7 | J8: 4171519.9 | K8: 2642173.7 | L8: 1424220.4 | M8: 10390899 | N8: 6899174 | O8: 906460.35 | P8: 492981.06 | Q8: 4112504.9 | R8: 3304242.4 | S8: 432180.24 | T8: 287463.79 | U8: 3635521.4 | V8: 2587588.1 | W8: 98841.758 | X8: 0 | Y8: 1691926.3 | Z8: 2457727.1 | AA8: 0 | AB8: 0 | AC8: 13525490 | AD8: 6364390.1
A9: DISNEY | B9: 1.9832857e+08 | C9: =E9+G9+I9+K9+M9+O9+Q9+S9+U9+W9+Y9+AC9+AA9 -> 18999934 | D9: =F9+H9+J9+L9+N9+P9+R9+T9+V9+X9+Z9+AD9+AB9 -> 16584039 | E9: 6834341.6 | F9: 4980398.8 | G9: 1640597.2 | H9: 1122150.3 | I9: 844073.75 | J9: 512123.22 | K9: 955386.15 | L9: 581544.08 | M9: 2683511.2 | N9: 2892415.8 | O9: 337940.53 | P9: 68251.581 | Q9: 840791.04 | R9: 527415.84 | S9: 157448.57 | T9: 177360.67 | U9: 2258082.6 | V9: 1025181.1 | W9: 12145.578 | X9: 31898.141 | Y9: 228397 | Z9: 524488.46 | AA9: 73291.905 | AB9: 56124.33 | AC9: 2133926.7 | AD9: 4084686.3
A10: HACIPUPU | B10: 1.7915872e+08 | C10: =E10+G10+I10+K10+M10+O10+Q10+S10+U10+W10+Y10+AC10+AA10 -> 8757465.9 | D10: =F10+H10+J10+L10+N10+P10+R10+T10+V10+X10+Z10+AD10+AB10 -> 6052865.4 | E10: 409940 | F10: 262228.26 | G10: 583595.93 | H10: 370895.57 | I10: 1576563.2 | J10: 1233845.6 | K10: 533747.57 | L10: 379280.75 | M10: 1379770.3 | N10: 952632.5 | O10: 185656.47 | P10: 113245.73 | Q10: 1385525.5 | R10: 1158119.5 | S10: 63327.359 | T10: 43691.777 | U10: 929028.5 | V10: 473386.91 | W10: 199279.05 | X10: 93930.981 | Y10: 188672.57 | Z10: 259987.37 | AA10: 0 | AB10: 0 | AC10: 1322359.5 | AD10: 711620.4
A11: MIX IP | B11: 3.4471154e+08 | C11: =E11+G11+I11+K11+M11+O11+Q11+S11+U11+W11+Y11+AC11+AA11 -> 66607475 | D11: =F11+H11+J11+L11+N11+P11+R11+T11+V11+X11+Z11+AD11+AB11 -> 29083441 | E11: 4607755.8 | F11: 2359501.4 | G11: 2540909.4 | H11: 1134772.8 | I11: 3596314.3 | J11: 1762362.6 | K11: 6556809.9 | L11: 3101861.1 | M11: 12596456 | N11: 7086021.6 | O11: 2449691.4 | P11: 220969.25 | Q11: 7595482.2 | R11: 3297531 | S11: 596913.66 | T11: 321307.19 | U11: 3620221.6 | V11: 2661354.3 | W11: 46135.095 | X11: 53163.569 | Y11: 937084.04 | Z11: 634720.74 | AA11: 47725.983 | AB11: 0 | AC11: 21415975 | AD11: 6449875.6
A12: 星星人 | B12: 3.8637563e+08 | C12: =E12+G12+I12+K12+M12+O12+Q12+S12+U12+W12+Y12+AC12+AA12 -> 1.0201505e+08 | D12: =F12+H12+J12+L12+N12+P12+R12+T12+V12+X12+Z12+AD12+AB12 -> 98241263 | E12: 4872223.1 | F12: 4849543 | G12: 6364135.5 | H12: 7003265.4 | I12: 5239218.2 | J12: 4197619.6 | K12: 9551027.3 | L12: 12157620 | M12: 20884566 | N12: 21760884 | O12: 1932825.8 | P12: 1123779.6 | Q12: 12264839 | R12: 15532423 | S12: 718110.9 | T12: 915661.48 | U12: 5390249.6 | V12: 5826662.9 | W12: 0 | X12: 23572.761 | Y12: 375387.94 | Z12: 743438.85 | AA12: 257559.56 | AB12: 585443.68 | AC12: 34164906 | AD12: 23521349
A13: PUCKY | B13: 64091699 | C13: =E13+G13+I13+K13+M13+O13+Q13+S13+U13+W13+Y13+AC13+AA13 -> 7899931.8 | D13: =F13+H13+J13+L13+N13+P13+R13+T13+V13+X13+Z13+AD13+AB13 -> 8986378.4 | E13: 379677.87 | F13: 465696.16 | G13: 73416.525 | H13: 52109.041 | I13: 478152.2 | J13: 659100.94 | K13: 728495.76 | L13: 1312497.7 | M13: 1138052.4 | N13: 1474867.8 | O13: 261132.54 | P13: 52954.432 | Q13: 739582.51 | R13: 1174846.3 | S13: 117930.96 | T13: 188543.89 | U13: 911264.58 | V13: 1414985.1 | W13: 0 | X13: 44899.464 | Y13: 30217.229 | Z13: 111781.21 | AA13: 0 | AB13: 0 | AC13: 3042009.2 | AD13: 2034096.4
A14: 叛桃 | B14: 31616254 | C14: =E14+G14+I14+K14+M14+O14+Q14+S14+U14+W14+Y14+AC14+AA14 -> 1717344.4 | D14: =F14+H14+J14+L14+N14+P14+R14+T14+V14+X14+Z14+AD14+AB14 -> 982145.42 | E14: 66214.686 | F14: 37908.962 | G14: 40063.081 | H14: 39706.671 | I14: 67582.647 | J14: 53318.378 | K14: 52142.685 | L14: 26207.02 | M14: 175565.96 | N14: 152100.47 | O14: 27960.793 | P14: 3341.577 | Q14: 64467.217 | R14: 26824.888 | S14: 21046.148 | T14: 98337.681 | U14: 785640.37 | V14: 307485.49 | W14: 1191.6903 | X14: 0 | Y14: 34830.585 | Z14: 64011.818 | AA14: 0 | AB14: 0 | AC14: 380638.56 | AD14: 172902.47
... A148: 葬送的芙莉莲 | B148: 371564.41 | C148: =E148+G148+I148+K148+M148+O148+Q148+S148+U148+W148+Y148+AC148+AA148 -> 43876.797 | D148: =F148+H148+J148+L148+N148+P148+R148+T148+V148+X148+Z148+AD148+AB148 -> 273429.38 | E148: 0 | F148: 0 | G148: 230.04868 | H148: 0 | I148: 0 | J148: 0 | K148: 0 | L148: 0 | M148: 0 | N148: 0 | O148: 0 | P148: 0 | Q148: 0 | R148: 0 | S148: 0 | T148: 0 | U148: 0 | V148: 0 | W148: 0 | X148: 0 | Y148: 0 | Z148: 0 | AA148: 0 | AB148: 0 | AC148: 43646.748 | AD148: 273429.38
A149: 1001 | B149: 1302964.1 | C149: =E149+G149+I149+K149+M149+O149+Q149+S149+U149+W149+Y149+AC149+AA149 -> 319803.11 | D149: =F149+H149+J149+L149+N149+P149+R149+T149+V149+X149+Z149+AD149+AB149 -> 141466.13 | E149: 0 | F149: 0 | G149: 0 | H149: 0 | I149: 15347.03 | J149: 0 | K149: 33897.196 | L149: 26733.069 | M149: 0 | N149: 0 | O149: 856.86571 | P149: 536.24559 | Q149: 13876.001 | R149: 13428.835 | S149: 10126.833 | T149: 4730.3123 | U149: 74258.586 | V149: 38127.189 | W149: 0 | X149: 0 | Y149: 8849.2045 | Z149: 9194.3028 | AA149: 0 | AB149: 0 | AC149: 162591.4 | AD149: 48716.18
A150: A仔 | B150: 0 | C150: =E150+G150+I150+K150+M150+O150+Q150+S150+U150+W150+Y150+AC150+AA150 -> 0 | D150: =F150+H150+J150+L150+N150+P150+R150+T150+V150+X150+Z150+AD150+AB150 -> 0 | E150: 0 | F150: 0 | G150: 0 | H150: 0 | I150: 0 | J150: 0 | K150: 0 | L150: 0 | M150: 0 | N150: 0 | O150: 0 | P150: 0 | Q150: 0 | R150: 0 | S150: 0 | T150: 0 | U150: 0 | V150: 0 | W150: 0 | X150: 0 | Y150: 0 | Z150: 0 | AA150: 0 | AB150: 0 | AC150: 0 | AD150: 0
A151: Coogi&Foody | B151: 0 | C151: =E151+G151+I151+K151+M151+O151+Q151+S151+U151+W151+Y151+AC151+AA151 -> 0 | D151: =F151+H151+J151+L151+N151+P151+R151+T151+V151+X151+Z151+AD151+AB151 -> 0 | E151: 0 | F151: 0 | G151: 0 | H151: 0 | I151: 0 | J151: 0 | K151: 0 | L151: 0 | M151: 0 | N151: 0 | O151: 0 | P151: 0 | Q151: 0 | R151: 0 | S151: 0 | T151: 0 | U151: 0 | V151: 0 | W151: 0 | X151: 0 | Y151: 0 | Z151: 0 | AA151: 0 | AB151: 0 | AC151: 0 | AD151: 0
A152: EVA | B152: 1095166.4 | C152: =E152+G152+I152+K152+M152+O152+Q152+S152+U152+W152+Y152+AC152+AA152 -> 623595.09 | D152: =F152+H152+J152+L152+N152+P152+R152+T152+V152+X152+Z152+AD152+AB152 -> 549246.49 | E152: 0 | F152: 0 | G152: 187169.61 | H152: 212531.82 | I152: 51086.818 | J152: 35302.412 | K152: 52797.725 | L152: 33347.952 | M152: 0 | N152: 0 | O152: 5508.3438 | P152: 5096.8527 | Q152: 53563.436 | R152: 31320.201 | S152: 0 | T152: 53309.208 | U152: 211631.03 | V152: 118911.96 | W152: 0 | X152: 0 | Y152: 16990.572 | Z152: 14646.787 | AA152: 0 | AB152: 0 | AC152: 44847.564 | AD152: 44779.309
A153: JOJO的奇妙冒险 | B153: 0 | C153: =E153+G153+I153+K153+M153+O153+Q153+S153+U153+W153+Y153+AC153+AA153 -> 0 | D153: =F153+H153+J153+L153+N153+P153+R153+T153+V153+X153+Z153+AD153+AB153 -> 0 | E153: 0 | F153: 0 | G153: 0 | H153: 0 | I153: 0 | J153: 0 | K153: 0 | L153: 0 | M153: 0 | N153: 0 | O153: 0 | P153: 0 | Q153: 0 | R153: 0 | S153: 0 | T153: 0 | U153: 0 | V153: 0 | W153: 0 | X153: 0 | Y153: 0 | Z153: 0 | AA153: 0 | AB153: 0 | AC153: 0 | AD153: 0
A154: KEY-A | B154: 0 | C154: =E154+G154+I154+K154+M154+O154+Q154+S154+U154+W154+Y154+AC154+AA154 -> 0 | D154: =F154+H154+J154+L154+N154+P154+R154+T154+V154+X154+Z154+AD154+AB154 -> 0 | E154: 0 | F154: 0 | G154: 0 | H154: 0 | I154: 0 | J154: 0 | K154: 0 | L154: 0 | M154: 0 | N154: 0 | O154: 0 | P154: 0 | Q154: 0 | R154: 0 | S154: 0 | T154: 0 | U154: 0 | V154: 0 | W154: 0 | X154: 0 | Y154: 0 | Z154: 0 | AA154: 0 | AB154: 0 | AC154: 0 | AD154: 0
A155: Merodi | B155: 0 | C155: =E155+G155+I155+K155+M155+O155+Q155+S155+U155+W155+Y155+AC155+AA155 -> 0 | D155: =F155+H155+J155+L155+N155+P155+R155+T155+V155+X155+Z155+AD155+AB155 -> 326365.7 | E155: 0 | F155: 7556.7431 | G155: 0 | H155: 6015.0383 | I155: 0 | J155: 0 | K155: 0 | L155: 54068.171 | M155: 0 | N155: 76325.704 | O155: 0 | P155: 613.24778 | Q155: 0 | R155: 39015.423 | S155: 0 | T155: 3594.9963 | U155: 0 | V155: 0 | W155: 0 | X155: 0 | Y155: 0 | Z155: 15286.983 | AA155: 0 | AB155: 0 | AC155: 0 | AD155: 123889.39
A156: MINIONS | B156: 0 | C156: =E156+G156+I156+K156+M156+O156+Q156+S156+U156+W156+Y156+AC156+AA156 -> 0 | D156: =F156+H156+J156+L156+N156+P156+R156+T156+V156+X156+Z156+AD156+AB156 -> 0 | E156: 0 | F156: 0 | G156: 0 | H156: 0 | I156: 0 | J156: 0 | K156: 0 | L156: 0 | M156: 0 | N156: 0 | O156: 0 | P156: 0 | Q156: 0 | R156: 0 | S156: 0 | T156: 0 | U156: 0 | V156: 0 | W156: 0 | X156: 0 | Y156: 0 | Z156: 0 | AA156: 0 | AB156: 0 | AC156: 0 | AD156: 0
A157: ONE PIECE | B157: 0 | C157: =E157+G157+I157+K157+M157+O157+Q157+S157+U157+W157+Y157+AC157+AA157 -> 0 | D157: =F157+H157+J157+L157+N157+P157+R157+T157+V157+X157+Z157+AD157+AB157 -> 0 | E157: 0 | F157: 0 | G157: 0 | H157: 0 | I157: 0 | J157: 0 | K157: 0 | L157: 0 | M157: 0 | N157: 0 | O157: 0 | P157: 0 | Q157: 0 | R157: 0 | S157: 0 | T157: 0 | U157: 0 | V157: 0 | W157: 0 | X157: 0 | Y157: 0 | Z157: 0 | AA157: 0 | AB157: 0 | AC157: 0 | AD157: 0
A158: TRANSFORMERS | B158: 0 | C158: =E158+G158+I158+K158+M158+O158+Q158+S158+U158+W158+Y158+AC158+AA158 -> 0 | D158: =F158+H158+J158+L158+N158+P158+R158+T158+V158+X158+Z158+AD158+AB158 -> 0 | E158: 0 | F158: 0 | G158: 0 | H158: 0 | I158: 0 | J158: 0 | K158: 0 | L158: 0 | M158: 0 | N158: 0 | O158: 0 | P158: 0 | Q158: 0 | R158: 0 | S158: 0 | T158: 0 | U158: 0 | V158: 0 | W158: 0 | X158: 0 | Y158: 0 | Z158: 0 | AA158: 0 | AB158: 0 | AC158: 0 | AD158: 0
A159: TUTU | B159: 0 | C159: =E159+G159+I159+K159+M159+O159+Q159+S159+U159+W159+Y159+AC159+AA159 -> 0 | D159: =F159+H159+J159+L159+N159+P159+R159+T159+V159+X159+Z159+AD159+AB159 -> 0 | E159: 0 | F159: 0 | G159: 0 | H159: 0 | I159: 0 | J159: 0 | K159: 0 | L159: 0 | M159: 0 | N159: 0 | O159: 0 | P159: 0 | Q159: 0 | R159: 0 | S159: 0 | T159: 0 | U159: 0 | V159: 0 | W159: 0 | X159: 0 | Y159: 0 | Z159: 0 | AA159: 0 | AB159: 0 | AC159: 0 | AD159: 0
A160: UPANDA | B160: 0 | C160: =E160+G160+I160+K160+M160+O160+Q160+S160+U160+W160+Y160+AC160+AA160 -> 0 | D160: =F160+H160+J160+L160+N160+P160+R160+T160+V160+X160+Z160+AD160+AB160 -> 0 | E160: 0 | F160: 0 | G160: 0 | H160: 0 | I160: 0 | J160: 0 | K160: 0 | L160: 0 | M160: 0 | N160: 0 | O160: 0 | P160: 0 | Q160: 0 | R160: 0 | S160: 0 | T160: 0 | U160: 0 | V160: 0 | W160: 0 | X160: 0 | Y160: 0 | Z160: 0 | AA160: 0 | AB160: 0 | AC160: 0 | AD160: 0
A161: 第五人格 | B161: 0 | C161: =E161+G161+I161+K161+M161+O161+Q161+S161+U161+W161+Y161+AC161+AA161 -> 0 | D161: =F161+H161+J161+L161+N161+P161+R161+T161+V161+X161+Z161+AD161+AB161 -> 0 | E161: 0 | F161: 0 | G161: 0 | H161: 0 | I161: 0 | J161: 0 | K161: 0 | L161: 0 | M161: 0 | N161: 0 | O161: 0 | P161: 0 | Q161: 0 | R161: 0 | S161: 0 | T161: 0 | U161: 0 | V161: 0 | W161: 0 | X161: 0 | Y161: 0 | Z161: 0 | AA161: 0 | AB161: 0 | AC161: 0 | AD161: 0
... A191: 小肥鱼The ELF | B191: 0 | C191: =E191+G191+I191+K191+M191+O191+Q191+S191+U191+W191+Y191+AC191+AA191 -> 0 | D191: =F191+H191+J191+L191+N191+P191+R191+T191+V191+X191+Z191+AD191+AB191 -> 0 | E191: 0 | F191: 0 | G191: 0 | H191: 0 | I191: 0 | J191: 0 | K191: 0 | L191: 0 | M191: 0 | N191: 0 | O191: 0 | P191: 0 | Q191: 0 | R191: 0 | S191: 0 | T191: 0 | U191: 0 | V191: 0 | W191: 0 | X191: 0 | Y191: 0 | Z191: 0 | AA191: 0 | AB191: 0 | AC191: 0 | AD191: 0
A192: 家庭教师 | C192: =E192+G192+I192+K192+M192+O192+Q192+S192+U192+W192+Y192+AC192+AA192 -> 0 | D192: =F192+H192+J192+L192+N192+P192+R192+T192+V192+X192+Z192+AD192+AB192 -> 0 | E192: 0 | F192: 0 | G192: 0 | H192: 0 | I192: 0 | J192: 0 | K192: 0 | L192: 0 | M192: 0 | N192: 0 | O192: 0 | P192: 0 | Q192: 0 | R192: 0 | S192: 0 | T192: 0 | U192: 0 | V192: 0 | W192: 0 | X192: 0 | Y192: 0 | Z192: 0 | AA192: 0 | AB192: 0 | AC192: 0 | AD192: 0
A193: 精灵宝可梦 | C193: =E193+G193+I193+K193+M193+O193+Q193+S193+U193+W193+Y193+AC193+AA193 -> 0 | D193: =F193+H193+J193+L193+N193+P193+R193+T193+V193+X193+Z193+AD193+AB193 -> 0 | E193: 0 | F193: 0 | G193: 0 | H193: 0 | I193: 0 | J193: 0 | K193: 0 | L193: 0 | M193: 0 | N193: 0 | O193: 0 | P193: 0 | Q193: 0 | R193: 0 | S193: 0 | T193: 0 | U193: 0 | V193: 0 | W193: 0 | X193: 0 | Y193: 0 | Z193: 0 | AA193: 0 | AB193: 0 | AC193: 0 | AD193: 0
A194: aespa | C194: =E194+G194+I194+K194+M194+O194+Q194+S194+U194+W194+Y194+AC194+AA194 -> 0 | D194: =F194+H194+J194+L194+N194+P194+R194+T194+V194+X194+Z194+AD194+AB194 -> 0 | E194: 0 | F194: 0 | G194: 0 | H194: 0 | I194: 0 | J194: 0 | K194: 0 | L194: 0 | M194: 0 | N194: 0 | O194: 0 | P194: 0 | Q194: 0 | R194: 0 | S194: 0 | T194: 0 | U194: 0 | V194: 0 | W194: 0 | X194: 0 | Y194: 0 | Z194: 0 | AA194: 0 | AB194: 0 | AC194: 0 | AD194: 0
A195: SEVENTEEN | C195: =E195+G195+I195+K195+M195+O195+Q195+S195+U195+W195+Y195+AC195+AA195 -> 0 | D195: =F195+H195+J195+L195+N195+P195+R195+T195+V195+X195+Z195+AD195+AB195 -> 0 | E195: 0 | F195: 0 | G195: 0 | H195: 0 | I195: 0 | J195: 0 | K195: 0 | L195: 0 | M195: 0 | N195: 0 | O195: 0 | P195: 0 | Q195: 0 | R195: 0 | S195: 0 | T195: 0 | U195: 0 | V195: 0 | W195: 0 | X195: 0 | Y195: 0 | Z195: 0 | AA195: 0 | AB195: 0 | AC195: 0 | AD195: 0
A196: 角落生物 | C196: =E196+G196+I196+K196+M196+O196+Q196+S196+U196+W196+Y196+AC196+AA196 -> 0 | D196: =F196+H196+J196+L196+N196+P196+R196+T196+V196+X196+Z196+AD196+AB196 -> 0 | E196: 0 | F196: 0 | G196: 0 | H196: 0 | I196: 0 | J196: 0 | K196: 0 | L196: 0 | M196: 0 | N196: 0 | O196: 0 | P196: 0 | Q196: 0 | R196: 0 | S196: 0 | T196: 0 | U196: 0 | V196: 0 | W196: 0 | X196: 0 | Y196: 0 | Z196: 0 | AA196: 0 | AB196: 0 | AC196: 0 | AD196: 0
A197: 初音未来 | C197: =E197+G197+I197+K197+M197+O197+Q197+S197+U197+W197+Y197+AC197+AA197 -> 0 | D197: =F197+H197+J197+L197+N197+P197+R197+T197+V197+X197+Z197+AD197+AB197 -> 0 | E197: 0 | F197: 0 | G197: 0 | H197: 0 | I197: 0 | J197: 0 | K197: 0 | L197: 0 | M197: 0 | N197: 0 | O197: 0 | P197: 0 | Q197: 0 | R197: 0 | S197: 0 | T197: 0 | U197: 0 | V197: 0 | W197: 0 | X197: 0 | Y197: 0 | Z197: 0 | AA197: 0 | AB197: 0 | AC197: 0 | AD197: 0
A198: 全职猎人 | C198: =E198+G198+I198+K198+M198+O198+Q198+S198+U198+W198+Y198+AC198+AA198 -> 0 | D198: =F198+H198+J198+L198+N198+P198+R198+T198+V198+X198+Z198+AD198+AB198 -> 0 | E198: 0 | F198: 0 | G198: 0 | H198: 0 | I198: 0 | J198: 0 | K198: 0 | L198: 0 | M198: 0 | N198: 0 | O198: 0 | P198: 0 | Q198: 0 | R198: 0 | S198: 0 | T198: 0 | U198: 0 | V198: 0 | W198: 0 | X198: 0 | Y198: 0 | Z198: 0 | AA198: 0 | AB198: 0 | AC198: 0 | AD198: 0
A199: RIIZE | C199: =E199+G199+I199+K199+M199+O199+Q199+S199+U199+W199+Y199+AC199+AA199 -> 0 | D199: =F199+H199+J199+L199+N199+P199+R199+T199+V199+X199+Z199+AD199+AB199 -> 0 | E199: 0 | F199: 0 | G199: 0 | H199: 0 | I199: 0 | J199: 0 | K199: 0 | L199: 0 | M199: 0 | N199: 0 | O199: 0 | P199: 0 | Q199: 0 | R199: 0 | S199: 0 | T199: 0 | U199: 0 | V199: 0 | W199: 0 | X199: 0 | Y199: 0 | Z199: 0 | AA199: 0 | AB199: 0 | AC199: 0 | AD199: 0
A200: TXT | C200: =E200+G200+I200+K200+M200+O200+Q200+S200+U200+W200+Y200+AC200+AA200 -> 0 | D200: =F200+H200+J200+L200+N200+P200+R200+T200+V200+X200+Z200+AD200+AB200 -> 0 | E200: 0 | F200: 0 | G200: 0 | H200: 0 | I200: 0 | J200: 0 | K200: 0 | L200: 0 | M200: 0 | N200: 0 | O200: 0 | P200: 0 | Q200: 0 | R200: 0 | S200: 0 | T200: 0 | U200: 0 | V200: 0 | W200: 0 | X200: 0 | Y200: 0 | Z200: 0 | AA200: 0 | AB200: 0 | AC200: 0 | AD200: 0
A201: 蘸酱狗 | C201: =E201+G201+I201+K201+M201+O201+Q201+S201+U201+W201+Y201+AC201+AA201 -> 0 | D201: =F201+H201+J201+L201+N201+P201+R201+T201+V201+X201+Z201+AD201+AB201 -> 0 | E201: 0 | F201: 0 | G201: 0 | H201: 0 | I201: 0 | J201: 0 | K201: 0 | L201: 0 | M201: 0 | N201: 0 | O201: 0 | P201: 0 | Q201: 0 | R201: 0 | S201: 0 | T201: 0 | U201: 0 | V201: 0 | W201: 0 | X201: 0 | Y201: 0 | Z201: 0 | AA201: 0 | AB201: 0 | AC201: 0 | AD201: 0
A202: 无畏契约 | C202: =E202+G202+I202+K202+M202+O202+Q202+S202+U202+W202+Y202+AC202+AA202 -> 0 | D202: =F202+H202+J202+L202+N202+P202+R202+T202+V202+X202+Z202+AD202+AB202 -> 0 | E202: 0 | F202: 0 | G202: 0 | H202: 0 | I202: 0 | J202: 0 | K202: 0 | L202: 0 | M202: 0 | N202: 0 | O202: 0 | P202: 0 | Q202: 0 | R202: 0 | S202: 0 | T202: 0 | U202: 0 | V202: 0 | W202: 0 | X202: 0 | Y202: 0 | Z202: 0 | AA202: 0 | AB202: 0 | AC202: 0 | AD202: 0
A203: 索尼克 | C203: =E203+G203+I203+K203+M203+O203+Q203+S203+U203+W203+Y203+AC203+AA203 -> 0 | D203: =F203+H203+J203+L203+N203+P203+R203+T203+V203+X203+Z203+AD203+AB203 -> 0 | E203: 0 | F203: 0 | G203: 0 | H203: 0 | I203: 0 | J203: 0 | K203: 0 | L203: 0 | M203: 0 | N203: 0 | O203: 0 | P203: 0 | Q203: 0 | R203: 0 | S203: 0 | T203: 0 | U203: 0 | V203: 0 | W203: 0 | X203: 0 | Y203: 0 | Z203: 0 | AA203: 0 | AB203: 0 | AC203: 0 | AD203: 0
... A209: ENHYPEN | C209: =E209+G209+I209+K209+M209+O209+Q209+S209+U209+W209+Y209+AC209+AA209 -> 0 | D209: =F209+H209+J209+L209+N209+P209+R209+T209+V209+X209+Z209+AD209+AB209 -> 0 | E209: 0 | F209: 0 | G209: 0 | H209: 0 | I209: 0 | J209: 0 | K209: 0 | L209: 0 | M209: 0 | N209: 0 | O209: 0 | P209: 0 | Q209: 0 | R209: 0 | S209: 0 | T209: 0 | U209: 0 | V209: 0 | W209: 0 | X209: 0 | Y209: 0 | Z209: 0 | AA209: 0 | AB209: 0 | AC209: 0 | AD209: 0
A210: 光与夜之恋 | B210: 113.68701 | C210: =E210+G210+I210+K210+M210+O210+Q210+S210+U210+W210+Y210+AC210+AA210 -> 0 | D210: =F210+H210+J210+L210+N210+P210+R210+T210+V210+X210+Z210+AD210+AB210 -> 0 | E210: 0 | F210: 0 | G210: 0 | H210: 0 | I210: 0 | J210: 0 | K210: 0 | L210: 0 | M210: 0 | N210: 0 | O210: 0 | P210: 0 | Q210: 0 | R210: 0 | S210: 0 | T210: 0 | U210: 0 | V210: 0 | W210: 0 | X210: 0 | Y210: 0 | Z210: 0 | AA210: 0 | AB210: 0 | AC210: 0 | AD210: 0
A211: 合计 | B211: 8.851693e+09 | C211: =E211+G211+I211+K211+M211+O211+Q211+S211+U211+W211+Y211+AC211+AA211 -> 6.5377043e+08 | D211: =F211+H211+J211+L211+N211+P211+R211+T211+V211+X211+Z211+AD211+AB211 -> 5.2982419e+08 | E211: =SUM(E3:E210) -> 79955293 | F211: =SUM(F3:F210) -> 60923597 | G211: =SUM(G3:G210) -> 39379621 | H211: =SUM(H3:H210) -> 35648458 | I211: =SUM(I3:I210) -> 39935149 | J211: =SUM(J3:J210) -> 31907336 | K211: =SUM(K3:K210) -> 46911129 | L211: =SUM(L3:L210) -> 43349302 | ... AD211: =SUM(AD3:AD210) -> 1.2882101e+08
A213: 销售业绩金额占比 | C213: 亚太区域 | E213: 日本 | G213: 韩国 | I213: 印尼 | K213: 新加坡 | M213: 泰国 | O213: 越南 | Q213: 马来西亚 | S213: 新西兰 | U213: 澳大利亚 | W213: 阿联酋 | Y213: 菲律宾+文莱 | AA213: 卡塔尔 | AC213: 亚太电商
A214: IP | B214: YOY% 2025 | C214: 46023 | D214: 46054 | E214: 46023 | F214: 46054 | G214: 46023 | H214: 46054 | I214: 46023 | J214: 46054 | K214: 46023 | L214: 46054 | M214: 46023 | N214: 46054 | O214: 46023 | P214: 46054 | Q214: 46023 | R214: 46054 | S214: 46023 | T214: 46054 | U214: 46023 | V214: 46054 | W214: 46023 | X214: 46054 | Y214: 46023 | Z214: 46054 | AA214: 46023 | AB214: 46054 | AC214: 46023 | AD214: 46054
A215: LABUBU | B215: =#REF!/B3-1 -> #REF! | C215: =C3/C$211 -> 0.24829339 | D215: =D3/D$211 -> 0.21717257 | E215: =E3/E$211 -> 0.35465491 | F215: =F3/F$211 -> 0.31169024 | G215: =G3/G$211 -> 0.24106984 | H215: =H3/H$211 -> 0.2008813 | I215: =I3/I$211 -> 0.15255818 | J215: =J3/J$211 -> 0.15207183 | ... V215: =V3/V$211 -> 0.21755292 | X215: =X3/X$211 -> 0.10646109 | Y215: =Y3/Y$211 -> 0.15341884 | Z215: =Z3/Z$211 -> 0.13620393 | AC215: =AC3/AC$211 -> 0.24060442 | AD215: =AD3/AD$211 -> 0.20353061
A216: CRYBABY | B216: =#REF!/B4-1 -> #REF! | C216: =C4/C$211 -> 0.088445274 | D216: =D4/D$211 -> 0.082152994 | E216: =E4/E$211 -> 0.075292627 | F216: =F4/F$211 -> 0.071202701 | G216: =G4/G$211 -> 0.097842117 | H216: =H4/H$211 -> 0.077536303 | I216: =I4/I$211 -> 0.17948356 | J216: =J4/J$211 -> 0.14776442 | ... V216: =V4/V$211 -> 0.066826031 | X216: =X4/X$211 -> 0.079974259 | Y216: =Y4/Y$211 -> 0.097064694 | Z216: =Z4/Z$211 -> 0.082547413 | AC216: =AC4/AC$211 -> 0.051195077 | AD216: =AD4/AD$211 -> 0.050815128
A217: MOLLY | B217: =#REF!/B5-1 -> #REF! | C217: =C5/C$211 -> 0.046981611 | D217: =D5/D$211 -> 0.046769664 | E217: =E5/E$211 -> 0.034726067 | F217: =F5/F$211 -> 0.028134672 | G217: =G5/G$211 -> 0.038672994 | H217: =H5/H$211 -> 0.030276661 | I217: =I5/I$211 -> 0.046165107 | J217: =J5/J$211 -> 0.039930024 | ... V217: =V5/V$211 -> 0.03144458 | X217: =X5/X$211 -> 0.001756098 | Y217: =Y5/Y$211 -> 0.084137039 | Z217: =Z5/Z$211 -> 0.067710829 | AC217: =AC5/AC$211 -> 0.046730243 | AD217: =AD5/AD$211 -> 0.059416009
A218: DIMOO | B218: =#REF!/B6-1 -> #REF! | C218: =C6/C$211 -> 0.037851962 | D218: =D6/D$211 -> 0.037103029 | E218: =E6/E$211 -> 0.024834911 | F218: =F6/F$211 -> 0.028301612 | G218: =G6/G$211 -> 0.035215364 | H218: =H6/H$211 -> 0.028512625 | I218: =I6/I$211 -> 0.031718803 | J218: =J6/J$211 -> 0.026971195 | ... V218: =V6/V$211 -> 0.041538232 | X218: =X6/X$211 -> 0.0094252471 | Y218: =Y6/Y$211 -> 0.044690828 | Z218: =Z6/Z$211 -> 0.046044801 | AC218: =AC6/AC$211 -> 0.022129304 | AD218: =AD6/AD$211 -> 0.02462735
A219: SKULLPANDA | B219: =#REF!/B7-1 -> #REF! | C219: =C7/C$211 -> 0.099344079 | D219: =D7/D$211 -> 0.16440467 | E219: =E7/E$211 -> 0.17855085 | F219: =F7/F$211 -> 0.21525864 | G219: =G7/G$211 -> 0.097213507 | H219: =H7/H$211 -> 0.13646696 | I219: =I7/I$211 -> 0.063804255 | J219: =J7/J$211 -> 0.13563204 | ... V219: =V7/V$211 -> 0.15092023 | X219: =X7/X$211 -> 0.17739153 | Y219: =Y7/Y$211 -> 0.10285277 | Z219: =Z7/Z$211 -> 0.17456226 | AC219: =AC7/AC$211 -> 0.1249645 | AD219: =AD7/AD$211 -> 0.2543356
A220: HIRONO | B220: =#REF!/B8-1 -> #REF! | C220: =C8/C$211 -> 0.069830709 | D220: =D8/D$211 -> 0.058309708 | E220: =E8/E$211 -> 0.028933846 | F220: =F8/F$211 -> 0.031426182 | G220: =G8/G$211 -> 0.03689858 | H220: =H8/H$211 -> 0.027770938 | I220: =I8/I$211 -> 0.11145044 | J220: =J8/J$211 -> 0.13073858 | ... V220: =V8/V$211 -> 0.065280493 | X220: =X8/X$211 -> 0 | Y220: =Y8/Y$211 -> 0.19104735 | Z220: =Z8/Z$211 -> 0.19297772 | AC220: =AC8/AC$211 -> 0.078112887 | AD220: =AD8/AD$211 -> 0.049404908
A221: DISNEY | B221: =#REF!/B9-1 -> #REF! | C221: =C9/C$211 -> 0.029062088 | D221: =D9/D$211 -> 0.031301022 | E221: =E9/E$211 -> 0.085477038 | F221: =F9/F$211 -> 0.081748273 | G221: =G9/G$211 -> 0.041661072 | H221: =H9/H$211 -> 0.03147823 | I221: =I9/I$211 -> 0.021136111 | J221: =J9/J$211 -> 0.016050328 | ... V221: =V9/V$211 -> 0.025863594 | X221: =X9/X$211 -> 0.039881365 | Y221: =Y9/Y$211 -> 0.025789918 | Z221: =Z9/Z$211 -> 0.041182192 | AC221: =AC9/AC$211 -> 0.012323929 | AD221: =AD9/AD$211 -> 0.031708231
A222: HACIPUPU | B222: =#REF!/B10-1 -> #REF! | C222: =C10/C$211 -> 0.013395323 | D222: =D10/D$211 -> 0.01142429 | E222: =E10/E$211 -> 0.0051271153 | F222: =F10/F$211 -> 0.004304215 | G222: =G10/G$211 -> 0.014819745 | H222: =H10/H$211 -> 0.010404253 | I222: =I10/I$211 -> 0.039478084 | J222: =J10/J$211 -> 0.038669652 | ... V222: =V10/V$211 -> 0.011942755 | X222: =X10/X$211 -> 0.11743931 | Y222: =Y10/Y$211 -> 0.021304352 | Z222: =Z10/Z$211 -> 0.02041389 | AC222: =AC10/AC$211 -> 0.0076369373 | AD222: =AD10/AD$211 -> 0.005524102
A223: MIX IP | B223: =#REF!/B11-1 -> #REF! | C223: =C11/C$211 -> 0.10188205 | D223: =D11/D$211 -> 0.054892626 | E223: =E11/E$211 -> 0.057629153 | F223: =F11/F$211 -> 0.038728859 | G223: =G11/G$211 -> 0.06452346 | H223: =H11/H$211 -> 0.031832312 | I223: =I11/I$211 -> 0.090053861 | J223: =J11/J$211 -> 0.055233773 | ... V223: =V11/V$211 -> 0.06714149 | X223: =X11/X$211 -> 0.066468941 | Y223: =Y11/Y$211 -> 0.10581278 | Z223: =Z11/Z$211 -> 0.049837496 | AC223: =AC11/AC$211 -> 0.1236823 | AD223: =AD11/AD$211 -> 0.050068507
A224: 星星人 | B224: =#REF!/B12-1 -> #REF! | C224: =C12/C$211 -> 0.15604109 | D224: =D12/D$211 -> 0.18542238 | E224: =E12/E$211 -> 0.060936843 | F224: =F12/F$211 -> 0.079600406 | G224: =G12/G$211 -> 0.16160987 | H224: =H12/H$211 -> 0.19645353 | I224: =I12/I$211 -> 0.13119315 | J224: =J12/J$211 -> 0.13155657 | ... V224: =V12/V$211 -> 0.1469969 | X224: =X12/X$211 -> 0.029472372 | Y224: =Y12/Y$211 -> 0.042387703 | Z224: =Z12/Z$211 -> 0.058373908 | AC224: =AC12/AC$211 -> 0.19731038 | AD224: =AD12/AD$211 -> 0.18258939
A225: PUCKY | B225: =#REF!/B13-1 -> #REF! | C225: =C13/C$211 -> 0.012083648 | D225: =D13/D$211 -> 0.016961057 | E225: =E13/E$211 -> 0.0047486271 | F225: =F13/F$211 -> 0.0076439375 | G225: =G13/G$211 -> 0.0018643279 | H225: =H13/H$211 -> 0.0014617474 | I225: =I13/I$211 -> 0.011973217 | J225: =J13/J$211 -> 0.020656721 | ... V225: =V13/V$211 -> 0.035697693 | X225: =X13/X$211 -> 0.05613656 | Y225: =Y13/Y$211 -> 0.0034120408 | Z225: =Z13/Z$211 -> 0.008776924 | AC225: =AC13/AC$211 -> 0.017568319 | AD225: =AD13/AD$211 -> 0.015790098
A226: 叛桃 | B226: =#REF!/B14-1 -> #REF! | C226: =C14/C$211 -> 0.002626831 | D226: =D14/D$211 -> 0.0018537195 | E226: =E14/E$211 -> 0.00082814637 | F226: =F14/F$211 -> 0.00062223776 | G226: =G14/G$211 -> 0.0010173557 | H226: =H14/H$211 -> 0.0011138398 | I226: =I14/I$211 -> 0.0016923099 | J226: =J14/J$211 -> 0.0016710382 | ... V226: =V14/V$211 -> 0.0077573415 | X226: =X14/X$211 -> 0 | Y226: =Y14/Y$211 -> 0.0039329673 | Z226: =Z14/Z$211 -> 0.0050261296 | AC226: =AC14/AC$211 -> 0.0021982773 | AD226: =AD14/AD$211 -> 0.0013421915
... A360: 葬送的芙莉莲 | B360: =#REF!/B148-1 -> #REF! | C360: =C148/C$211 -> 6.7113462e-05 | D360: =D148/D$211 -> 0.00051607568 | E360: =E148/E$211 -> 0 | F360: =F148/F$211 -> 0 | G360: =G148/G$211 -> 5.8418207e-06 | H360: =H148/H$211 -> 0 | I360: =I148/I$211 -> 0 | J360: =J148/J$211 -> 0 | ... V360: =V148/V$211 -> 0 | X360: =X148/X$211 -> 0 | Y360: =Y148/Y$211 -> 0 | Z360: =Z148/Z$211 -> 0 | AC360: =AC148/AC$211 -> 0.00025207025 | AD360: =AD148/AD$211 -> 0.0021225527
A361: 1001 | B361: =#REF!/B149-1 -> #REF! | C361: =C149/C$211 -> 0.00048916729 | D361: =D149/D$211 -> 0.0002670058 | E361: =E149/E$211 -> 0 | F361: =F149/F$211 -> 0 | G361: =G149/G$211 -> 0 | H361: =H149/H$211 -> 0 | I361: =I149/I$211 -> 0.0003842988 | J361: =J149/J$211 -> 0 | ... V361: =V149/V$211 -> 0.00096188481 | X361: =X149/X$211 -> 0 | Y361: =Y149/Y$211 -> 0.00099922617 | Z361: =Z149/Z$211 -> 0.0007219254 | AC361: =AC149/AC$211 -> 0.00093900361 | AD361: =AD149/AD$211 -> 0.00037816952
A362: A仔 | B362: =#REF!/B150-1 -> #REF! | C362: =C150/C$211 -> 0 | D362: =D150/D$211 -> 0 | E362: =E150/E$211 -> 0 | F362: =F150/F$211 -> 0 | G362: =G150/G$211 -> 0 | H362: =H150/H$211 -> 0 | I362: =I150/I$211 -> 0 | J362: =J150/J$211 -> 0 | ... V362: =V150/V$211 -> 0 | X362: =X150/X$211 -> 0 | Y362: =Y150/Y$211 -> 0 | Z362: =Z150/Z$211 -> 0 | AC362: =AC150/AC$211 -> 0 | AD362: =AD150/AD$211 -> 0
A363: Coogi&Foody | B363: =#REF!/B151-1 -> #REF! | C363: =C151/C$211 -> 0 | D363: =D151/D$211 -> 0 | E363: =E151/E$211 -> 0 | F363: =F151/F$211 -> 0 | G363: =G151/G$211 -> 0 | H363: =H151/H$211 -> 0 | I363: =I151/I$211 -> 0 | J363: =J151/J$211 -> 0 | ... V363: =V151/V$211 -> 0 | X363: =X151/X$211 -> 0 | Y363: =Y151/Y$211 -> 0 | Z363: =Z151/Z$211 -> 0 | AC363: =AC151/AC$211 -> 0 | AD363: =AD151/AD$211 -> 0
A364: EVA | B364: =#REF!/B152-1 -> #REF! | C364: =C152/C$211 -> 0.00095384414 | D364: =D152/D$211 -> 0.001036658 | E364: =E152/E$211 -> 0 | F364: =F152/F$211 -> 0 | G364: =G152/G$211 -> 0.004752956 | H364: =H152/H$211 -> 0.0059618797 | I364: =I152/I$211 -> 0.0012792445 | J364: =J152/J$211 -> 0.0011064042 | ... V364: =V152/V$211 -> 0.0029999486 | X364: =X152/X$211 -> 0 | Y364: =Y152/Y$211 -> 0.0019185255 | Z364: =Z152/Z$211 -> 0.0011500478 | AC364: =AC152/AC$211 -> 0.00025900524 | AD364: =AD152/AD$211 -> 0.00034760874
A365: JOJO的奇妙冒险 | B365: =#REF!/B153-1 -> #REF! | C365: =C153/C$211 -> 0 | D365: =D153/D$211 -> 0 | E365: =E153/E$211 -> 0 | F365: =F153/F$211 -> 0 | G365: =G153/G$211 -> 0 | H365: =H153/H$211 -> 0 | I365: =I153/I$211 -> 0 | J365: =J153/J$211 -> 0 | ... V365: =V153/V$211 -> 0 | X365: =X153/X$211 -> 0 | Y365: =Y153/Y$211 -> 0 | Z365: =Z153/Z$211 -> 0 | AC365: =AC153/AC$211 -> 0 | AD365: =AD153/AD$211 -> 0
A366: KEY-A | B366: =#REF!/B154-1 -> #REF! | C366: =C154/C$211 -> 0 | D366: =D154/D$211 -> 0 | E366: =E154/E$211 -> 0 | F366: =F154/F$211 -> 0 | G366: =G154/G$211 -> 0 | H366: =H154/H$211 -> 0 | I366: =I154/I$211 -> 0 | J366: =J154/J$211 -> 0 | ... V366: =V154/V$211 -> 0 | X366: =X154/X$211 -> 0 | Y366: =Y154/Y$211 -> 0 | Z366: =Z154/Z$211 -> 0 | AC366: =AC154/AC$211 -> 0 | AD366: =AD154/AD$211 -> 0
A367: Merodi | B367: =#REF!/B155-1 -> #REF! | C367: =C155/C$211 -> 0 | D367: =D155/D$211 -> 0.00061598866 | E367: =E155/E$211 -> 0 | F367: =F155/F$211 -> 0.00012403639 | G367: =G155/G$211 -> 0 | H367: =H155/H$211 -> 0.00016873208 | I367: =I155/I$211 -> 0 | J367: =J155/J$211 -> 0 | ... V367: =V155/V$211 -> 0 | X367: =X155/X$211 -> 0 | Y367: =Y155/Y$211 -> 0 | Z367: =Z155/Z$211 -> 0.0012003152 | AC367: =AC155/AC$211 -> 0 | AD367: =AD155/AD$211 -> 0.00096171726
A368: MINIONS | B368: =#REF!/B156-1 -> #REF! | C368: =C156/C$211 -> 0 | D368: =D156/D$211 -> 0 | E368: =E156/E$211 -> 0 | F368: =F156/F$211 -> 0 | G368: =G156/G$211 -> 0 | H368: =H156/H$211 -> 0 | I368: =I156/I$211 -> 0 | J368: =J156/J$211 -> 0 | ... V368: =V156/V$211 -> 0 | X368: =X156/X$211 -> 0 | Y368: =Y156/Y$211 -> 0 | Z368: =Z156/Z$211 -> 0 | AC368: =AC156/AC$211 -> 0 | AD368: =AD156/AD$211 -> 0
A369: ONE PIECE | B369: =#REF!/B157-1 -> #REF! | C369: =C157/C$211 -> 0 | D369: =D157/D$211 -> 0 | E369: =E157/E$211 -> 0 | F369: =F157/F$211 -> 0 | G369: =G157/G$211 -> 0 | H369: =H157/H$211 -> 0 | I369: =I157/I$211 -> 0 | J369: =J157/J$211 -> 0 | ... V369: =V157/V$211 -> 0 | X369: =X157/X$211 -> 0 | Y369: =Y157/Y$211 -> 0 | Z369: =Z157/Z$211 -> 0 | AC369: =AC157/AC$211 -> 0 | AD369: =AD157/AD$211 -> 0
A370: TRANSFORMERS | B370: =#REF!/B158-1 -> #REF! | C370: =C158/C$211 -> 0 | D370: =D158/D$211 -> 0 | E370: =E158/E$211 -> 0 | F370: =F158/F$211 -> 0 | G370: =G158/G$211 -> 0 | H370: =H158/H$211 -> 0 | I370: =I158/I$211 -> 0 | J370: =J158/J$211 -> 0 | ... V370: =V158/V$211 -> 0 | X370: =X158/X$211 -> 0 | Y370: =Y158/Y$211 -> 0 | Z370: =Z158/Z$211 -> 0 | AC370: =AC158/AC$211 -> 0 | AD370: =AD158/AD$211 -> 0
A371: TUTU | B371: =#REF!/B159-1 -> #REF! | C371: =C159/C$211 -> 0 | D371: =D159/D$211 -> 0 | E371: =E159/E$211 -> 0 | F371: =F159/F$211 -> 0 | G371: =G159/G$211 -> 0 | H371: =H159/H$211 -> 0 | I371: =I159/I$211 -> 0 | J371: =J159/J$211 -> 0 | ... V371: =V159/V$211 -> 0 | X371: =X159/X$211 -> 0 | Y371: =Y159/Y$211 -> 0 | Z371: =Z159/Z$211 -> 0 | AC371: =AC159/AC$211 -> 0 | AD371: =AD159/AD$211 -> 0
A372: UPANDA | B372: =#REF!/B160-1 -> #REF! | C372: =C160/C$211 -> 0 | D372: =D160/D$211 -> 0 | E372: =E160/E$211 -> 0 | F372: =F160/F$211 -> 0 | G372: =G160/G$211 -> 0 | H372: =H160/H$211 -> 0 | I372: =I160/I$211 -> 0 | J372: =J160/J$211 -> 0 | ... V372: =V160/V$211 -> 0 | X372: =X160/X$211 -> 0 | Y372: =Y160/Y$211 -> 0 | Z372: =Z160/Z$211 -> 0 | AC372: =AC160/AC$211 -> 0 | AD372: =AD160/AD$211 -> 0
A373: 第五人格 | B373: =#REF!/B161-1 -> #REF! | C373: =C161/C$211 -> 0 | D373: =D161/D$211 -> 0 | E373: =E161/E$211 -> 0 | F373: =F161/F$211 -> 0 | G373: =G161/G$211 -> 0 | H373: =H161/H$211 -> 0 | I373: =I161/I$211 -> 0 | J373: =J161/J$211 -> 0 | ... V373: =V161/V$211 -> 0 | X373: =X161/X$211 -> 0 | Y373: =Y161/Y$211 -> 0 | Z373: =Z161/Z$211 -> 0 | AC373: =AC161/AC$211 -> 0 | AD373: =AD161/AD$211 -> 0
... A423: 总计 | B423: =#REF!/B211-1 -> #REF! | C423: =C211/C$211 -> 1 | D423: =D211/D$211 -> 1 | E423: =E211/E$211 -> 1 | F423: =F211/F$211 -> 1 | G423: =G211/G$211 -> 1 | H423: =H211/H$211 -> 1 | I423: =I211/I$211 -> 1 | J423: =J211/J$211 -> 1 | ... V423: =V211/V$211 -> 1 | X423: =X211/X$211 -> 1 | Y423: =Y211/Y$211 -> 1 | Z423: =Z211/Z$211 -> 1 | AC423: =AC211/AC$211 -> 1 | AD423: =AD211/AD$211 -> 1

Sheet 泡泡国际IP统计-SKU维度 宽度
A1: 销售SKU数量 | B1: 亚太区域 | G1: 日本 | L1: 韩国 | Q1: 印尼 | V1: 新加坡 | AA1: 泰国 | AF1: 越南 | AK1: 马来西亚 | AP1: 新西兰 | AU1: 澳大利亚
A2: IP | B2: 2025-01 | C2: 2025-02 | D2: 45717 | E2: 45748 | F2: 平均值 | G2: 2025-01 | H2: 2025-02 | I2: 45717 | J2: 45748 | K2: 平均值 | L2: 2025-01 | M2: 2025-02 | N2: 45717 | O2: 45748 | P2: 平均值 | Q2: 2025-01 | R2: 2025-02 | S2: 45717 | T2: 45748 | U2: 平均值 | V2: 2025-01 | W2: 2025-02 | X2: 45717 | Y2: 45748 | Z2: 平均值 | AA2: 2025-01 | AB2: 2025-02 | AC2: 45717 | AD2: 45748 | AE2: 平均值 | AF2: 2025-01 | AG2: 2025-02 | AH2: 45717 | AI2: 45748 | AJ2: 平均值 | AK2: 2025-01 | AL2: 2025-02 | AM2: 45717 | AN2: 45748 | AO2: 平均值 | AP2: 2025-01 | AQ2: 2025-02 | AR2: 45717 | AS2: 45748 | AT2: 平均值 | AU2: 2025-01 | AV2: 2025-02 | AW2: 45717 | AX2: 45748 | AY2: 平均值
A3: LABUBU
A4: CRYBABY
A5: MOLLY
A6: DIMOO
A7: SKULLPANDA
A8: HIRONO
A9: DISNEY
A10: HACIPUPU
A11: MIX IP
A12: 星星人
A13: PUCKY
A14: 叛桃
... A136: 光与夜之恋
A137: 合计 | B137: =SUM(B3:B136) -> 0 | C137: =SUM(C3:C136) -> 0 | D137: =SUM(D3:D136) -> 0 | E137: =SUM(E3:E136) -> 0 | F137: =AVERAGE(B137:E137) -> 0 | G137: =SUM(G3:G136) -> 0 | H137: =SUM(H3:H136) -> 0 | I137: =SUM(I3:I136) -> 0 | J137: =SUM(J3:J136) -> 0 | K137: =AVERAGE(G137:J137) -> 0 | L137: =SUM(L3:L136) -> 0 | M137: =SUM(M3:M136) -> 0 | N137: =SUM(N3:N136) -> 0 | O137: =SUM(O3:O136) -> 0 | P137: =AVERAGE(L137:O137) -> 0 | Q137: =SUM(Q3:Q136) -> 0 | R137: =SUM(R3:R136) -> 0 | S137: =SUM(S3:S136) -> 0 | T137: =SUM(T3:T136) -> 0 | U137: =AVERAGE(Q137:T137) -> 0 | V137: =SUM(V3:V136) -> 0 | W137: =SUM(W3:W136) -> 0 | X137: =SUM(X3:X136) -> 0 | Y137: =SUM(Y3:Y136) -> 0 | Z137: =AVERAGE(V137:Y137) -> 0 | AA137: =SUM(AA3:AA136) -> 0 | AB137: =SUM(AB3:AB136) -> 0 | AC137: =SUM(AC3:AC136) -> 0 | AD137: =SUM(AD3:AD136) -> 0 | AE137: =AVERAGE(AA137:AD137) -> 0 | AF137: =SUM(AF3:AF136) -> 0 | AG137: =SUM(AG3:AG136) -> 0 | AH137: =SUM(AH3:AH136) -> 0 | AI137: =SUM(AI3:AI136) -> 0 | AJ137: =AVERAGE(AF137:AI137) -> 0 | AK137: =SUM(AK3:AK136) -> 0 | AL137: =SUM(AL3:AL136) -> 0 | AM137: =SUM(AM3:AM136) -> 0 | AN137: =SUM(AN3:AN136) -> 0 | AO137: =AVERAGE(AK137:AN137) -> 0 | AP137: =SUM(AP3:AP136) -> 0 | AQ137: =SUM(AQ3:AQ136) -> 0 | AR137: =SUM(AR3:AR136) -> 0 | AS137: =SUM(AS3:AS136) -> 0 | AT137: =AVERAGE(AP137:AS137) -> 0 | AU137: =SUM(AU3:AU136) -> 0 | AV137: =SUM(AV3:AV136) -> 0 | AW137: =SUM(AW3:AW136) -> 0 | AX137: =SUM(AX3:AX136) -> 0 | AY137: =AVERAGE(AU137:AX137) -> 0
A139: 销售SKU数量占比 | B139: 亚太区域 | G139: 日本 | L139: 韩国 | Q139: 印度尼西亚 | V139: 新加坡 | AA139: 泰国 | AF139: 越南 | AK139: 马来西亚 | AP139: 新西兰 | AU139: 澳大利亚
A140: IP | B140: 2025-01 | C140: 2025-02 | D140: 45717 | E140: 45748 | F140: 月平均占比 | G140: 2025-01 | H140: 2025-02 | I140: 45717 | J140: 45748 | K140: 月平均占比 | L140: 2025-01 | M140: 2025-02 | N140: 45717 | O140: 45748 | P140: 月平均占比 | Q140: 2025-01 | R140: 2025-02 | S140: 45717 | T140: 45748 | U140: 月平均占比 | V140: 2025-01 | W140: 2025-02 | X140: 45717 | Y140: 45748 | Z140: 月平均占比 | AA140: 2025-01 | AB140: 2025-02 | AC140: 45717 | AD140: 45748 | AE140: 月平均占比 | AF140: 2025-01 | AG140: 2025-02 | AH140: 45717 | AI140: 45748 | AJ140: 月平均占比 | AK140: 2025-01 | AL140: 2025-02 | AM140: 45717 | AN140: 45748 | AO140: 月平均占比 | AP140: 2025-01 | AQ140: 2025-02 | AR140: 45717 | AS140: 45748 | AT140: 月平均占比 | AU140: 2025-01 | AV140: 2025-02 | AW140: 45717 | AX140: 45748 | AY140: 月平均占比
A141: LABUBU | B141: =B3/B$137 -> #DIV/0! | C141: =C3/C$137 -> #DIV/0! | D141: =D3/D$137 -> #DIV/0! | E141: =E3/E$137 -> #DIV/0! | F141: =F3/F$137 -> #DIV/0! | G141: =G3/G$137 -> #DIV/0! | H141: =H3/H$137 -> #DIV/0! | I141: =I3/I$137 -> #DIV/0! | ... AY141: =AY3/AY$137 -> #DIV/0!
A142: CRYBABY | B142: =B4/B$137 -> #DIV/0! | C142: =C4/C$137 -> #DIV/0! | D142: =D4/D$137 -> #DIV/0! | E142: =E4/E$137 -> #DIV/0! | F142: =F4/F$137 -> #DIV/0! | G142: =G4/G$137 -> #DIV/0! | H142: =H4/H$137 -> #DIV/0! | I142: =I4/I$137 -> #DIV/0! | ... AY142: =AY4/AY$137 -> #DIV/0!
A143: MOLLY | B143: =B5/B$137 -> #DIV/0! | C143: =C5/C$137 -> #DIV/0! | D143: =D5/D$137 -> #DIV/0! | E143: =E5/E$137 -> #DIV/0! | F143: =F5/F$137 -> #DIV/0! | G143: =G5/G$137 -> #DIV/0! | H143: =H5/H$137 -> #DIV/0! | I143: =I5/I$137 -> #DIV/0! | ... AY143: =AY5/AY$137 -> #DIV/0!
A144: DIMOO | B144: =B6/B$137 -> #DIV/0! | C144: =C6/C$137 -> #DIV/0! | D144: =D6/D$137 -> #DIV/0! | E144: =E6/E$137 -> #DIV/0! | F144: =F6/F$137 -> #DIV/0! | G144: =G6/G$137 -> #DIV/0! | H144: =H6/H$137 -> #DIV/0! | I144: =I6/I$137 -> #DIV/0! | ... AY144: =AY6/AY$137 -> #DIV/0!
A145: SKULLPANDA | B145: =B7/B$137 -> #DIV/0! | C145: =C7/C$137 -> #DIV/0! | D145: =D7/D$137 -> #DIV/0! | E145: =E7/E$137 -> #DIV/0! | F145: =F7/F$137 -> #DIV/0! | G145: =G7/G$137 -> #DIV/0! | H145: =H7/H$137 -> #DIV/0! | I145: =I7/I$137 -> #DIV/0! | ... AY145: =AY7/AY$137 -> #DIV/0!
A146: HIRONO | B146: =B8/B$137 -> #DIV/0! | C146: =C8/C$137 -> #DIV/0! | D146: =D8/D$137 -> #DIV/0! | E146: =E8/E$137 -> #DIV/0! | F146: =F8/F$137 -> #DIV/0! | G146: =G8/G$137 -> #DIV/0! | H146: =H8/H$137 -> #DIV/0! | I146: =I8/I$137 -> #DIV/0! | ... AY146: =AY8/AY$137 -> #DIV/0!
A147: DISNEY | B147: =B9/B$137 -> #DIV/0! | C147: =C9/C$137 -> #DIV/0! | D147: =D9/D$137 -> #DIV/0! | E147: =E9/E$137 -> #DIV/0! | F147: =F9/F$137 -> #DIV/0! | G147: =G9/G$137 -> #DIV/0! | H147: =H9/H$137 -> #DIV/0! | I147: =I9/I$137 -> #DIV/0! | ... AY147: =AY9/AY$137 -> #DIV/0!
A148: HACIPUPU | B148: =B10/B$137 -> #DIV/0! | C148: =C10/C$137 -> #DIV/0! | D148: =D10/D$137 -> #DIV/0! | E148: =E10/E$137 -> #DIV/0! | F148: =F10/F$137 -> #DIV/0! | G148: =G10/G$137 -> #DIV/0! | H148: =H10/H$137 -> #DIV/0! | I148: =I10/I$137 -> #DIV/0! | ... AY148: =AY10/AY$137 -> #DIV/0!
A149: MIX IP | B149: =B11/B$137 -> #DIV/0! | C149: =C11/C$137 -> #DIV/0! | D149: =D11/D$137 -> #DIV/0! | E149: =E11/E$137 -> #DIV/0! | F149: =F11/F$137 -> #DIV/0! | G149: =G11/G$137 -> #DIV/0! | H149: =H11/H$137 -> #DIV/0! | I149: =I11/I$137 -> #DIV/0! | ... AY149: =AY11/AY$137 -> #DIV/0!
A150: 星星人 | B150: =B12/B$137 -> #DIV/0! | C150: =C12/C$137 -> #DIV/0! | D150: =D12/D$137 -> #DIV/0! | E150: =E12/E$137 -> #DIV/0! | F150: =F12/F$137 -> #DIV/0! | G150: =G12/G$137 -> #DIV/0! | H150: =H12/H$137 -> #DIV/0! | I150: =I12/I$137 -> #DIV/0! | ... AY150: =AY12/AY$137 -> #DIV/0!
A151: PUCKY | B151: =B13/B$137 -> #DIV/0! | C151: =C13/C$137 -> #DIV/0! | D151: =D13/D$137 -> #DIV/0! | E151: =E13/E$137 -> #DIV/0! | F151: =F13/F$137 -> #DIV/0! | G151: =G13/G$137 -> #DIV/0! | H151: =H13/H$137 -> #DIV/0! | I151: =I13/I$137 -> #DIV/0! | ... AY151: =AY13/AY$137 -> #DIV/0!
A152: 叛桃 | B152: =B14/B$137 -> #DIV/0! | C152: =C14/C$137 -> #DIV/0! | D152: =D14/D$137 -> #DIV/0! | E152: =E14/E$137 -> #DIV/0! | F152: =F14/F$137 -> #DIV/0! | G152: =G14/G$137 -> #DIV/0! | H152: =H14/H$137 -> #DIV/0! | I152: =I14/I$137 -> #DIV/0! | ... AY152: =AY14/AY$137 -> #DIV/0!
... A274: 光与夜之恋 | B274: =B136/B$137 -> #DIV/0! | C274: =C136/C$137 -> #DIV/0! | D274: =D136/D$137 -> #DIV/0! | E274: =E136/E$137 -> #DIV/0! | F274: =F136/F$137 -> #DIV/0! | G274: =G136/G$137 -> #DIV/0! | H274: =H136/H$137 -> #DIV/0! | I274: =I136/I$137 -> #DIV/0! | ... AY274: =AY136/AY$137 -> #DIV/0!
B275: =B137/B$137 -> #DIV/0! | C275: =C137/C$137 -> #DIV/0! | D275: =D137/D$137 -> #DIV/0! | E275: =E137/E$137 -> #DIV/0! | F275: =F137/F$137 -> #DIV/0! | G275: =G137/G$137 -> #DIV/0! | H275: =H137/H$137 -> #DIV/0! | I275: =I137/I$137 -> #DIV/0! | ... AY275: =AY137/AY$137 -> #DIV/0!

Sheet 泡泡国际IP分级统计-金额维度 深度
A1: 销售业绩金额 | B1: 亚太区域 | G1: 日本 | L1: 韩国 | Q1: 印尼 | V1: 新加坡 | AA1: 泰国 | AF1: 越南 | AK1: 马来西亚 | AP1: 新西兰 | AU1: 澳大利亚
A2: IP | B2: 2025-01 | C2: 2025-02 | D2: 45717 | E2: 45748 | F2: 合计 | G2: 2025-01 | H2: 2025-02 | I2: 45717 | J2: 45748 | K2: 合计 | L2: 2025-01 | M2: 2025-02 | N2: 45717 | O2: 45748 | P2: 合计 | Q2: 2025-01 | R2: 2025-02 | S2: 45717 | T2: 45748 | U2: 合计 | V2: 2025-01 | W2: 2025-02 | X2: 45717 | Y2: 45748 | Z2: 合计 | AA2: 2025-01 | AB2: 2025-02 | AC2: 45717 | AD2: 45748 | AE2: 合计 | AF2: 2025-01 | AG2: 2025-02 | AH2: 45717 | AI2: 45748 | AJ2: 合计 | AK2: 2025-01 | AL2: 2025-02 | AM2: 45717 | AN2: 45748 | AO2: 合计 | AP2: 2025-01 | AQ2: 2025-02 | AR2: 45717 | AS2: 45748 | AT2: 合计 | AU2: 2025-01 | AV2: 2025-02 | AW2: 45717 | AX2: 45748 | AY2: 合计
A3: S+ | B3: =G3+L3+Q3+V3+AA3+AF3+AK3+AP3+AU3 -> 0 | C3: =H3+M3+R3+W3+AB3+AG3+AL3+AQ3+AV3 -> 0 | D3: =I3+N3+S3+X3+AC3+AH3+AM3+AR3+AW3 -> 0 | E3: =J3+O3+T3+Y3+AD3+AI3+AN3+AS3+AX3 -> 0 | F3: =SUM(B3:E3) -> 0
A4: S | B4: =G4+L4+Q4+V4+AA4+AF4+AK4+AP4+AU4 -> 0 | C4: =H4+M4+R4+W4+AB4+AG4+AL4+AQ4+AV4 -> 0 | D4: =I4+N4+S4+X4+AC4+AH4+AM4+AR4+AW4 -> 0 | E4: =J4+O4+T4+Y4+AD4+AI4+AN4+AS4+AX4 -> 0 | F4: =SUM(B4:E4) -> 0
A5: A | B5: =G5+L5+Q5+V5+AA5+AF5+AK5+AP5+AU5 -> 0 | C5: =H5+M5+R5+W5+AB5+AG5+AL5+AQ5+AV5 -> 0 | D5: =I5+N5+S5+X5+AC5+AH5+AM5+AR5+AW5 -> 0 | E5: =J5+O5+T5+Y5+AD5+AI5+AN5+AS5+AX5 -> 0 | F5: =SUM(B5:E5) -> 0
A6: B | B6: =G6+L6+Q6+V6+AA6+AF6+AK6+AP6+AU6 -> 0 | C6: =H6+M6+R6+W6+AB6+AG6+AL6+AQ6+AV6 -> 0 | D6: =I6+N6+S6+X6+AC6+AH6+AM6+AR6+AW6 -> 0 | E6: =J6+O6+T6+Y6+AD6+AI6+AN6+AS6+AX6 -> 0 | F6: =SUM(B6:E6) -> 0
A7: C | B7: =G7+L7+Q7+V7+AA7+AF7+AK7+AP7+AU7 -> 0 | C7: =H7+M7+R7+W7+AB7+AG7+AL7+AQ7+AV7 -> 0 | D7: =I7+N7+S7+X7+AC7+AH7+AM7+AR7+AW7 -> 0 | E7: =J7+O7+T7+Y7+AD7+AI7+AN7+AS7+AX7 -> 0 | F7: =SUM(B7:E7) -> 0
A8: 合计 | B8: =G8+L8+Q8+V8+AA8+AF8+AK8+AP8+AU8 -> 0 | C8: =H8+M8+R8+W8+AB8+AG8+AL8+AQ8+AV8 -> 0 | D8: =I8+N8+S8+X8+AC8+AH8+AM8+AR8+AW8 -> 0 | E8: =J8+O8+T8+Y8+AD8+AI8+AN8+AS8+AX8 -> 0 | F8: =SUM(B8:E8) -> 0 | G8: =SUM(G3:G7) -> 0 | H8: =SUM(H3:H7) -> 0 | I8: =SUM(I3:I7) -> 0 | J8: =SUM(J3:J7) -> 0 | K8: =SUM(K3:K7) -> 0 | L8: =SUM(L3:L7) -> 0 | M8: =SUM(M3:M7) -> 0 | N8: =SUM(N3:N7) -> 0 | ... AY8: =SUM(AY3:AY7) -> 0
A10: 销售业绩金额占比 | B10: 亚太区域 | G10: 日本 | L10: 韩国 | Q10: 印尼 | V10: 新加坡 | AA10: 泰国 | AF10: 越南 | AK10: 马来西亚 | AP10: 新西兰 | AU10: 澳大利亚
A11: IP | B11: 2025-01 | C11: 2025-02 | D11: 45717 | E11: 45748 | F11: 合计 | G11: 2025-01 | H11: 2025-02 | I11: 45717 | J11: 45748 | K11: 合计 | L11: 2025-01 | M11: 2025-02 | N11: 45717 | O11: 45748 | P11: 合计 | Q11: 2025-01 | R11: 2025-02 | S11: 45717 | T11: 45748 | U11: 合计 | V11: 2025-01 | W11: 2025-02 | X11: 45717 | Y11: 45748 | Z11: 合计 | AA11: 2025-01 | AB11: 2025-02 | AC11: 45717 | AD11: 45748 | AE11: 合计 | AF11: 2025-01 | AG11: 2025-02 | AH11: 45717 | AI11: 45748 | AJ11: 合计 | AK11: 2025-01 | AL11: 2025-02 | AM11: 45717 | AN11: 45748 | AO11: 合计 | AP11: 2025-01 | AQ11: 2025-02 | AR11: 45717 | AS11: 45748 | AT11: 合计 | AU11: 2025-01 | AV11: 2025-02 | AW11: 45717 | AX11: 45748 | AY11: 合计
A12: S+ | B12: =B3/B$8 -> #DIV/0! | C12: =C3/C$8 -> #DIV/0! | D12: =D3/D$8 -> #DIV/0! | E12: =E3/E$8 -> #DIV/0! | F12: =F3/F$8 -> #DIV/0! | G12: =G3/G$8 -> #DIV/0! | H12: =H3/H$8 -> #DIV/0! | I12: =I3/I$8 -> #DIV/0! | ... AY12: =AY3/AY$8 -> #DIV/0!
A13: S | B13: =B4/B$8 -> #DIV/0! | C13: =C4/C$8 -> #DIV/0! | D13: =D4/D$8 -> #DIV/0! | E13: =E4/E$8 -> #DIV/0! | F13: =F4/F$8 -> #DIV/0! | G13: =G4/G$8 -> #DIV/0! | H13: =H4/H$8 -> #DIV/0! | I13: =I4/I$8 -> #DIV/0! | ... AY13: =AY4/AY$8 -> #DIV/0!
A14: A | B14: =B5/B$8 -> #DIV/0! | C14: =C5/C$8 -> #DIV/0! | D14: =D5/D$8 -> #DIV/0! | E14: =E5/E$8 -> #DIV/0! | F14: =F5/F$8 -> #DIV/0! | G14: =G5/G$8 -> #DIV/0! | H14: =H5/H$8 -> #DIV/0! | I14: =I5/I$8 -> #DIV/0! | ... AY14: =AY5/AY$8 -> #DIV/0!
A15: B | B15: =B6/B$8 -> #DIV/0! | C15: =C6/C$8 -> #DIV/0! | D15: =D6/D$8 -> #DIV/0! | E15: =E6/E$8 -> #DIV/0! | F15: =F6/F$8 -> #DIV/0! | G15: =G6/G$8 -> #DIV/0! | H15: =H6/H$8 -> #DIV/0! | I15: =I6/I$8 -> #DIV/0! | ... AY15: =AY6/AY$8 -> #DIV/0!
A16: C | B16: =B7/B$8 -> #DIV/0! | C16: =C7/C$8 -> #DIV/0! | D16: =D7/D$8 -> #DIV/0! | E16: =E7/E$8 -> #DIV/0! | F16: =F7/F$8 -> #DIV/0! | G16: =G7/G$8 -> #DIV/0! | H16: =H7/H$8 -> #DIV/0! | I16: =I7/I$8 -> #DIV/0! | ... AY16: =AY7/AY$8 -> #DIV/0!
B17: =B8/B$8 -> #DIV/0! | C17: =C8/C$8 -> #DIV/0! | D17: =D8/D$8 -> #DIV/0! | E17: =E8/E$8 -> #DIV/0! | F17: =F8/F$8 -> #DIV/0! | G17: =G8/G$8 -> #DIV/0! | H17: =H8/H$8 -> #DIV/0! | I17: =I8/I$8 -> #DIV/0! | ... AY17: =AY8/AY$8 -> #DIV/0!

Sheet 泡泡国际IP分级统计-SKU维度 宽度
A1: 销售SKU数量 | B1: POP国际 | G1: 亚太区域 | L1: 日本 | Q1: 韩国 | V1: 印尼 | AA1: 新加坡 | AF1: 泰国 | AK1: 越南 | AP1: 马来西亚 | AU1: 新西兰 | AZ1: 澳大利亚
A2: IP | B2: 2025-01 | C2: 2025-02 | D2: 45717 | E2: 45748 | F2: 平均值 | G2: 2025-01 | H2: 2025-02 | I2: 45717 | J2: 45748 | K2: 平均值 | L2: 2025-01 | M2: 2025-02 | N2: 45717 | O2: 45748 | P2: 平均值 | Q2: 2025-01 | R2: 2025-02 | S2: 45717 | T2: 45748 | U2: 平均值 | V2: 2025-01 | W2: 2025-02 | X2: 45717 | Y2: 45748 | Z2: 平均值 | AA2: 2025-01 | AB2: 2025-02 | AC2: 45717 | AD2: 45748 | AE2: 平均值 | AF2: 2025-01 | AG2: 2025-02 | AH2: 45717 | AI2: 45748 | AJ2: 平均值 | AK2: 2025-01 | AL2: 2025-02 | AM2: 45717 | AN2: 45748 | AO2: 平均值 | AP2: 2025-01 | AQ2: 2025-02 | AR2: 45717 | AS2: 45748 | AT2: 平均值 | AU2: 2025-01 | AV2: 2025-02 | AW2: 45717 | AX2: 45748 | AY2: 平均值 | AZ2: 2025-01 | BA2: 2025-02 | BB2: 45717 | BC2: 45748 | BD2: 平均值
